-- phpMyAdmin SQL Dump
-- version 5.2.2
-- https://www.phpmyadmin.net/
--
-- Host: mysql-nationsound.alwaysdata.net
-- Generation Time: Jul 22, 2025 at 02:46 PM
-- Server version: 10.11.13-MariaDB
-- PHP Version: 7.4.33

SET SQL_MODE = "NO_AUTO_VALUE_ON_ZERO";
START TRANSACTION;
SET time_zone = "+00:00";


/*!40101 SET @OLD_CHARACTER_SET_CLIENT=@@CHARACTER_SET_CLIENT */;
/*!40101 SET @OLD_CHARACTER_SET_RESULTS=@@CHARACTER_SET_RESULTS */;
/*!40101 SET @OLD_COLLATION_CONNECTION=@@COLLATION_CONNECTION */;
/*!40101 SET NAMES utf8mb4 */;

--
-- Database: `nationsound_pokedex`
--

-- --------------------------------------------------------

--
-- Table structure for table `evolution`
--

CREATE TABLE `evolution` (
  `id` int(11) NOT NULL,
  `pokemon_debut_id` int(11) NOT NULL,
  `pokemon_fin_id` int(11) NOT NULL,
  `condition` varchar(100) DEFAULT NULL
) ENGINE=InnoDB DEFAULT CHARSET=utf8mb4 COLLATE=utf8mb4_general_ci;

--
-- Dumping data for table `evolution`
--

INSERT INTO `evolution` (`id`, `pokemon_debut_id`, `pokemon_fin_id`, `condition`) VALUES
(1, 1, 2, 'Niveau 16'),
(2, 2, 3, 'Niveau 35'),
(3, 4, 5, 'Niveau 16'),
(7, 5, 6, 'Niveau 35'),
(8, 7, 8, 'Niveau 16'),
(9, 8, 9, 'Niveau 35'),
(10, 10, 11, 'Niveau 24'),
(11, 12, 13, 'Niveau 18'),
(12, 13, 14, 'Niveau 38'),
(13, 15, 16, 'Niveau 10'),
(14, 16, 17, 'Niveau 30'),
(15, 18, 19, 'Niveau 18'),
(16, 20, 21, 'Niveau 20'),
(17, 22, 23, 'Niveau 24'),
(18, 24, 25, 'Niveau 22'),
(19, 26, 27, 'Niveau 25'),
(20, 28, 29, 'Niveau 18'),
(21, 29, 30, 'Niveau 34'),
(22, 31, 32, 'Pomme Sucrée'),
(23, 31, 33, 'Pomme Acidulée'),
(24, 34, 35, 'Niveau 36'),
(25, 37, 38, 'Niveau 26'),
(26, 39, 40, 'Niveau 30'),
(27, 41, 42, 'Niveau 28'),
(28, 43, 44, 'Monter d\'un niveau en connaissant Provoc'),
(29, 45, 46, 'Théière fêlée ou craquelée'),
(30, 47, 48, 'Niveau 32'),
(31, 48, 49, 'Niveau 42'),
(32, 50, 51, 'Niveau 32'),
(33, 51, 52, 'Niveau 42'),
(34, 59, 60, 'Faire tenir un objet en sucre + tourner sur soi-même'),
(35, 63, 64, 'Bonheur + Monter de niveau la nuit'),
(36, 76, 77, 'Niveau 50'),
(37, 77, 78, 'Niveau 60'),
(40, 82, 83, 'Terminer l\'une des deux Tours des Deux Poings'),
(81, 69, 70, 'Niveau 34'),
(82, 97, 98, 'Niveau 16'),
(83, 98, 99, 'Niveau 36'),
(84, 100, 101, 'Niveau 16'),
(85, 101, 102, 'Niveau 36'),
(86, 103, 104, 'Niveau 16'),
(87, 104, 105, 'Niveau 36'),
(88, 106, 107, 'Niveau 18'),
(89, 108, 109, 'Niveau 15'),
(90, 110, 111, 'Niveau 24'),
(91, 112, 113, 'Niveau 18'),
(92, 113, 114, 'Marcher 1000 pas avec fonction \"En avant\" + Monter de niveau'),
(93, 115, 116, 'Niveau 25 en battant un Pokémon'),
(94, 117, 118, 'Niveau 26'),
(95, 119, 120, 'Niveau 25'),
(96, 120, 121, 'Niveau 35'),
(97, 123, 124, 'Niveau 24'),
(98, 124, 125, 'Niveau 38'),
(99, 126, 127, 'Utiliser une Armure de la Fortune'),
(100, 126, 128, 'Utiliser une Armure de la Rancune'),
(101, 129, 130, 'Pierre Foudre'),
(102, 131, 132, 'Niveau 25'),
(103, 133, 134, 'Niveau 30'),
(104, 135, 136, 'Niveau 28'),
(105, 137, 138, 'Marcher 1000 pas avec fonction \"En avant\" + Monter de niveau'),
(106, 139, 140, 'Niveau 30'),
(107, 142, 143, 'Pierre Feu'),
(108, 144, 145, 'Marcher 1000 pas dans une zone boueuse avec fonction \"En avant\" + Monter de niveau'),
(109, 146, 147, 'Niveau 35'),
(110, 148, 149, 'Niveau 24'),
(111, 149, 150, 'Niveau 38'),
(112, 151, 152, 'Niveau 26'),
(113, 154, 155, 'Niveau 38 en mode coop'),
(114, 156, 157, 'Niveau 40'),
(115, 160, 161, 'Niveau 35'),
(116, 162, 163, 'Niveau 30 (uniquement la nuit)'),
(117, 165, 166, 'Pierre Glace'),
(118, 187, 188, 'Niveau 35'),
(119, 188, 189, 'Niveau 54'),
(120, 190, 191, 'Obtenir 999 pièces de Mordudor'),
(121, 31, 202, 'Pomme Nectar'),
(122, 202, 210, 'Apprendre la capacité Cri Draconique + Monter de niveau'),
(123, 203, 204, 'Bol Médiocre ou Bol Exceptionnel'),
(124, 75, 209, 'Métal Composite');

-- --------------------------------------------------------

--
-- Table structure for table `pokemon`
--

CREATE TABLE `pokemon` (
  `id` int(11) NOT NULL,
  `numero_national` int(11) NOT NULL,
  `generation` tinyint(4) NOT NULL,
  `nom` varchar(50) NOT NULL,
  `image_url` varchar(255) DEFAULT NULL
) ENGINE=InnoDB DEFAULT CHARSET=utf8mb4 COLLATE=utf8mb4_general_ci;

--
-- Dumping data for table `pokemon`
--

INSERT INTO `pokemon` (`id`, `numero_national`, `generation`, `nom`, `image_url`) VALUES
(1, 810, 8, 'Ouistempo', 'https://www.pokepedia.fr/images/5/56/Miniature_0810_EV.png'),
(2, 811, 8, 'Badabouin', 'https://www.pokepedia.fr/images/5/56/Miniature_0811_EV.png'),
(3, 812, 8, 'Gorythmic', 'https://www.pokepedia.fr/images/5/56/Miniature_0812_EV.png'),
(4, 813, 8, 'Flambino', 'https://www.pokepedia.fr/images/5/56/Miniature_0813_EV.png'),
(5, 814, 8, 'Lapyro', 'https://www.pokepedia.fr/images/5/56/Miniature_0814_EV.png'),
(6, 815, 8, 'Pyrobut', 'https://www.pokepedia.fr/images/5/56/Miniature_0815_EV.png'),
(7, 816, 8, 'Larméléon', 'https://www.pokepedia.fr/images/5/56/Miniature_0816_EV.png'),
(8, 817, 8, 'Arrozard', 'https://www.pokepedia.fr/images/5/56/Miniature_0817_EV.png'),
(9, 818, 8, 'Lézargus', 'https://www.pokepedia.fr/images/5/56/Miniature_0818_EV.png'),
(10, 819, 8, 'Rongourmand', 'https://www.pokepedia.fr/images/5/56/Miniature_0819_EV.png'),
(11, 820, 8, 'Rongrigou', 'https://www.pokepedia.fr/images/5/56/Miniature_0820_EV.png'),
(12, 821, 8, 'Minisange', 'https://www.pokepedia.fr/images/5/56/Miniature_0821_EV.png'),
(13, 822, 8, 'Bleuseille', 'https://www.pokepedia.fr/images/5/56/Miniature_0822_EV.png'),
(14, 823, 8, 'Corvaillus', 'https://www.pokepedia.fr/images/5/56/Miniature_0823_EV.png'),
(15, 824, 8, 'Larvadar', 'https://www.pokepedia.fr/images/5/56/Miniature_0824_EV.png'),
(16, 825, 8, 'Coléodôme', 'https://www.pokepedia.fr/images/5/56/Miniature_0825_EV.png'),
(17, 826, 8, 'Astronelle', 'https://www.pokepedia.fr/images/5/56/Miniature_0826_EV.png'),
(18, 827, 8, 'Goupilou', 'https://www.pokepedia.fr/images/5/56/Miniature_0827_EV.png'),
(19, 828, 8, 'Roublenard', 'https://www.pokepedia.fr/images/5/56/Miniature_0828_EV.png'),
(20, 829, 8, 'Tournicoton', 'https://www.pokepedia.fr/images/5/56/Miniature_0829_EV.png'),
(21, 830, 8, 'Blancoton', 'https://www.pokepedia.fr/images/5/56/Miniature_0830_EV.png'),
(22, 831, 8, 'Moumouton', 'https://www.pokepedia.fr/images/5/56/Miniature_0831_EV.png'),
(23, 832, 8, 'Moumouflon', 'https://www.pokepedia.fr/images/5/56/Miniature_0832_EV.png'),
(24, 833, 8, 'Khélocrok', 'https://www.pokepedia.fr/images/5/56/Miniature_0833_EV.png'),
(25, 834, 8, 'Torgamord', 'https://www.pokepedia.fr/images/5/56/Miniature_0834_EV.png'),
(26, 835, 8, 'Voltoutou', 'https://www.pokepedia.fr/images/5/56/Miniature_0835_EV.png'),
(27, 836, 8, 'Fulgudog', 'https://www.pokepedia.fr/images/5/56/Miniature_0836_EV.png'),
(28, 837, 8, 'Charbi', 'https://www.pokepedia.fr/images/5/56/Miniature_0837_EV.png'),
(29, 838, 8, 'Wagomine', 'https://www.pokepedia.fr/images/5/56/Miniature_0838_EV.png'),
(30, 839, 8, 'Monthracite', 'https://www.pokepedia.fr/images/5/56/Miniature_0839_EV.png'),
(31, 840, 8, 'Verpom', 'https://www.pokepedia.fr/images/5/56/Miniature_0840_EV.png'),
(32, 841, 8, 'Pomdrapi', 'https://www.pokepedia.fr/images/5/56/Miniature_0841_EV.png'),
(33, 842, 8, 'Dratatin', 'https://www.pokepedia.fr/images/5/56/Miniature_0842_EV.png'),
(34, 843, 8, 'Dunaja', 'https://www.pokepedia.fr/images/5/56/Miniature_0843_EV.png'),
(35, 844, 8, 'Dunaconda', 'https://www.pokepedia.fr/images/5/56/Miniature_0844_EV.png'),
(36, 845, 8, 'Nigosier', 'https://www.pokepedia.fr/images/5/56/Miniature_0845_EV.png'),
(37, 846, 8, 'Embrochet', 'https://www.pokepedia.fr/images/5/56/Miniature_0846_EV.png'),
(38, 847, 8, 'Hastacuda', 'https://www.pokepedia.fr/images/5/56/Miniature_0847_EV.png'),
(39, 848, 8, 'Toxizap', 'https://www.pokepedia.fr/images/5/56/Miniature_0848_EV.png'),
(40, 849, 8, 'Salarsen', 'https://www.pokepedia.fr/images/5/56/Miniature_0849_EV.png'),
(41, 850, 8, 'Grillepattes', 'https://www.pokepedia.fr/images/5/56/Miniature_0850_EV.png'),
(42, 851, 8, 'Scolocendre', 'https://www.pokepedia.fr/images/5/56/Miniature_0851_EV.png'),
(43, 852, 8, 'Poulpaf', 'https://www.pokepedia.fr/images/5/56/Miniature_0852_EV.png'),
(44, 853, 8, 'Krakos', 'https://www.pokepedia.fr/images/5/56/Miniature_0853_EV.png'),
(45, 854, 8, 'Théffroi', 'https://www.pokepedia.fr/images/5/56/Miniature_0854_EV.png'),
(46, 855, 8, 'Polthégeist', 'https://www.pokepedia.fr/images/5/56/Miniature_0855_EV.png'),
(47, 856, 8, 'Bibichut', 'https://www.pokepedia.fr/images/5/56/Miniature_0856_EV.png'),
(48, 857, 8, 'Chapotus', 'https://www.pokepedia.fr/images/5/56/Miniature_0857_EV.png'),
(49, 858, 8, 'Sorcilence', 'https://www.pokepedia.fr/images/5/56/Miniature_0858_EV.png'),
(50, 859, 8, 'Grimalin', 'https://www.pokepedia.fr/images/5/56/Miniature_0859_EV.png'),
(51, 860, 8, 'Fourbelin', 'https://www.pokepedia.fr/images/5/56/Miniature_0860_EV.png'),
(52, 861, 8, 'Angoliath', 'https://www.pokepedia.fr/images/5/56/Miniature_0861_EV.png'),
(53, 862, 8, 'Ixon', 'https://www.pokepedia.fr/images/5/56/Miniature_0862_EV.png'),
(54, 863, 8, 'Berserkatt', 'https://www.pokepedia.fr/images/5/56/Miniature_0863_EV.png'),
(55, 864, 8, 'Corayôme', 'https://www.pokepedia.fr/images/5/56/Miniature_0864_EV.png'),
(56, 865, 8, 'Palarticho', 'https://www.pokepedia.fr/images/5/56/Miniature_0865_EV.png'),
(57, 866, 8, 'M. Glaquette', 'https://www.pokepedia.fr/images/5/56/Miniature_0866_EV.png'),
(58, 867, 8, 'Tutétékri', 'https://www.pokepedia.fr/images/5/56/Miniature_0867_EV.png'),
(59, 868, 8, 'Crèmy', 'https://www.pokepedia.fr/images/5/56/Miniature_0868_EV.png'),
(60, 869, 8, 'Charmilly', 'https://www.pokepedia.fr/images/5/56/Miniature_0869_EV.png'),
(61, 870, 8, 'Hexadron', 'https://www.pokepedia.fr/images/5/56/Miniature_0870_EV.png'),
(62, 871, 8, 'Wattapik', 'https://www.pokepedia.fr/images/5/56/Miniature_0871_EV.png'),
(63, 872, 8, 'Frissonille', 'https://www.pokepedia.fr/images/5/56/Miniature_0872_EV.png'),
(64, 873, 8, 'Beldeneige', 'https://www.pokepedia.fr/images/5/56/Miniature_0873_EV.png'),
(65, 874, 8, 'Dolman', 'https://www.pokepedia.fr/images/5/56/Miniature_0874_EV.png'),
(66, 875, 8, 'Bekaglaçon', 'https://www.pokepedia.fr/images/5/56/Miniature_0875_EV.png'),
(67, 876, 8, 'Wimessir', 'https://www.pokepedia.fr/images/5/56/Miniature_0876_EV.png'),
(68, 877, 8, 'Morpeko', 'https://www.pokepedia.fr/images/5/56/Miniature_0877_EV.png'),
(69, 878, 8, 'Charibari', 'https://www.pokepedia.fr/images/5/56/Miniature_0878_EV.png'),
(70, 879, 8, 'Pachyradjah', 'https://www.pokepedia.fr/images/5/56/Miniature_0879_EV.png'),
(71, 880, 8, 'Galvagon', 'https://www.pokepedia.fr/images/5/56/Miniature_0880_EV.png'),
(72, 881, 8, 'Galvagla', 'https://www.pokepedia.fr/images/5/56/Miniature_0881_EV.png'),
(73, 882, 8, 'Hydragon', 'https://www.pokepedia.fr/images/5/56/Miniature_0882_EV.png'),
(74, 883, 8, 'Hydragla', 'https://www.pokepedia.fr/images/5/56/Miniature_0883_EV.png'),
(75, 884, 8, 'Duralugon', 'https://www.pokepedia.fr/images/5/56/Miniature_0884_EV.png'),
(76, 885, 8, 'Fantyrm', 'https://www.pokepedia.fr/images/5/56/Miniature_0885_EV.png'),
(77, 886, 8, 'Dispareptil', 'https://www.pokepedia.fr/images/5/56/Miniature_0886_EV.png'),
(78, 887, 8, 'Lanssorien', 'https://www.pokepedia.fr/images/5/56/Miniature_0887_EV.png'),
(79, 888, 8, 'Zacian', 'https://www.pokepedia.fr/images/5/56/Miniature_0888_EV.png'),
(80, 889, 8, 'Zamazenta', 'https://www.pokepedia.fr/images/5/56/Miniature_0889_EV.png'),
(81, 890, 8, 'Éthernatos', 'https://www.pokepedia.fr/images/5/56/Miniature_0890_EV.png'),
(82, 891, 8, 'Wushours', 'https://www.pokepedia.fr/images/5/56/Miniature_0891_EV.png'),
(83, 892, 8, 'Shifours', 'https://www.pokepedia.fr/images/5/56/Miniature_0892_EV.png'),
(84, 893, 8, 'Zarude', 'https://www.pokepedia.fr/images/5/56/Miniature_0893_EV.png'),
(85, 894, 8, 'Regieleki', 'https://www.pokepedia.fr/images/5/56/Miniature_0894_EV.png'),
(86, 895, 8, 'Regidrago', 'https://www.pokepedia.fr/images/5/56/Miniature_0895_EV.png'),
(87, 896, 8, 'Blizzeval', 'https://www.pokepedia.fr/images/5/56/Miniature_0896_EV.png'),
(88, 897, 8, 'Spectreval', 'https://www.pokepedia.fr/images/5/56/Miniature_0897_EV.png'),
(89, 898, 8, 'Sylveroy', 'https://www.pokepedia.fr/images/5/56/Miniature_0898_EV.png'),
(90, 899, 8, 'Cerbyllin', 'https://www.pokepedia.fr/images/5/56/Miniature_0899_EV.png'),
(91, 900, 8, 'Hachécateur', 'https://www.pokepedia.fr/images/5/56/Miniature_0900_EV.png'),
(92, 901, 8, 'Ursaking', 'https://www.pokepedia.fr/images/5/56/Miniature_0901_EV.png'),
(93, 902, 8, 'Paragruel', 'https://www.pokepedia.fr/images/5/56/Miniature_0902_EV.png'),
(94, 903, 8, 'Farfurex', 'https://www.pokepedia.fr/images/5/56/Miniature_0903_EV.png'),
(95, 904, 8, 'Qwilpik', 'https://www.pokepedia.fr/images/5/56/Miniature_0904_EV.png'),
(96, 905, 8, 'Amovénus', 'https://www.pokepedia.fr/images/5/56/Miniature_0905_EV.png'),
(97, 906, 9, 'Poussacha', 'https://www.pokepedia.fr/images/e/e2/Miniature_0906_EV.png'),
(98, 907, 9, 'Matourgeon', 'https://www.pokepedia.fr/images/b/b4/Miniature_0907_EV.png'),
(99, 908, 9, 'Miascarade', 'https://www.pokepedia.fr/images/5/5e/Miniature_0908_EV.png'),
(100, 909, 9, 'Chochodile', 'https://www.pokepedia.fr/images/0/03/Miniature_0909_EV.png'),
(101, 910, 9, 'Crocogril', 'https://www.pokepedia.fr/images/e/e7/Miniature_0910_EV.png'),
(102, 911, 9, 'Flâmigator', 'https://www.pokepedia.fr/images/8/8f/Miniature_0911_EV.png'),
(103, 912, 9, 'Coiffeton', 'https://www.pokepedia.fr/images/7/70/Miniature_0912_EV.png'),
(104, 913, 9, 'Canarbello', 'https://www.pokepedia.fr/images/1/1c/Miniature_0913_EV.png'),
(105, 914, 9, 'Palmaval', 'https://www.pokepedia.fr/images/f/f4/Miniature_0914_EV.png'),
(106, 915, 9, 'Gourmelet', 'https://www.pokepedia.fr/images/0/00/Miniature_0915_EV.png'),
(107, 916, 9, 'Fragroin', 'https://www.pokepedia.fr/images/4/4a/Miniature_0916_EV.png'),
(108, 917, 9, 'Tissenboule', 'https://www.pokepedia.fr/images/6/67/Miniature_0917_EV.png'),
(109, 918, 9, 'Filentrappe', 'https://www.pokepedia.fr/images/a/a3/Miniature_0918_EV.png'),
(110, 919, 9, 'Lilliterelle', 'https://www.pokepedia.fr/images/8/83/Miniature_0919_EV.png'),
(111, 920, 9, 'Gambex', 'https://www.pokepedia.fr/images/4/44/Miniature_0920_EV.png'),
(112, 921, 9, 'Pohm', 'https://www.pokepedia.fr/images/8/83/Miniature_0921_EV.png'),
(113, 922, 9, 'Pohmotte', 'https://www.pokepedia.fr/images/b/bc/Miniature_0922_EV.png'),
(114, 923, 9, 'Pohmarmotte', 'https://www.pokepedia.fr/images/8/8f/Miniature_0923_EV.png'),
(115, 924, 9, 'Compagnol', 'https://www.pokepedia.fr/images/3/3a/Miniature_0924_EV.png'),
(116, 925, 9, 'Famignol', 'https://www.pokepedia.fr/images/7/76/Miniature_0925_EV.png'),
(117, 926, 9, 'Pâtachiot', 'https://www.pokepedia.fr/images/0/00/Miniature_0926_EV.png'),
(118, 927, 9, 'Briochien', 'https://www.pokepedia.fr/images/8/81/Miniature_0927_EV.png'),
(119, 928, 9, 'Olivini', 'https://www.pokepedia.fr/images/5/57/Miniature_0928_EV.png'),
(120, 929, 9, 'Olivado', 'https://www.pokepedia.fr/images/0/09/Miniature_0929_EV.png'),
(121, 930, 9, 'Arboliva', 'https://www.pokepedia.fr/images/5/54/Miniature_0930_EV.png'),
(122, 931, 9, 'Tapatoès', 'https://www.pokepedia.fr/images/5/5b/Miniature_0931_EV.png'),
(123, 932, 9, 'Selutin', 'https://www.pokepedia.fr/images/9/90/Miniature_0932_EV.png'),
(124, 933, 9, 'Amassel', 'https://www.pokepedia.fr/images/6/61/Miniature_0933_EV.png'),
(125, 934, 9, 'Gigansel', 'https://www.pokepedia.fr/images/e/e4/Miniature_0934_EV.png'),
(126, 935, 9, 'Charbambin', 'https://www.pokepedia.fr/images/e/e8/Miniature_0935_EV.png'),
(127, 936, 9, 'Carmadura', 'https://www.pokepedia.fr/images/0/0b/Miniature_0936_EV.png'),
(128, 937, 9, 'Malvalame', 'https://www.pokepedia.fr/images/0/0e/Miniature_0937_EV.png'),
(129, 938, 9, 'Têtampoule', 'https://www.pokepedia.fr/images/3/36/Miniature_0938_EV.png'),
(130, 939, 9, 'Ampibidou', 'https://www.pokepedia.fr/images/2/23/Miniature_0939_EV.png'),
(131, 940, 9, 'Zapétrel', 'https://www.pokepedia.fr/images/6/63/Miniature_0940_EV.png'),
(132, 941, 9, 'Fulgulairo', 'https://www.pokepedia.fr/images/2/23/Miniature_0941_EV.png'),
(133, 942, 9, 'Grondogue', 'https://www.pokepedia.fr/images/c/c9/Miniature_0942_EV.png'),
(134, 943, 9, 'Dogrino', 'https://www.pokepedia.fr/images/0/0e/Miniature_0943_EV.png'),
(135, 944, 9, 'Gribouraigne', 'https://www.pokepedia.fr/images/2/26/Miniature_0944_EV.png'),
(136, 945, 9, 'Tag‑Tag', 'https://www.pokepedia.fr/images/a/a0/Miniature_0945_EV.png'),
(137, 946, 9, 'Virovent', 'https://www.pokepedia.fr/images/d/d1/Miniature_0946_EV.png'),
(138, 947, 9, 'Virevorreur', 'https://www.pokepedia.fr/images/7/78/Miniature_0947_EV.png'),
(139, 948, 9, 'Terracool', 'https://www.pokepedia.fr/images/7/70/Miniature_0948_EV.png'),
(140, 949, 9, 'Terracruel', 'https://www.pokepedia.fr/images/d/d6/Miniature_0949_EV.png'),
(141, 950, 9, 'Craparoi', 'https://www.pokepedia.fr/images/b/b2/Miniature_0950_EV.png'),
(142, 951, 9, 'Pimito', 'https://www.pokepedia.fr/images/d/d1/Miniature_0951_EV.png'),
(143, 952, 9, 'Scovilain', 'https://www.pokepedia.fr/images/9/99/Miniature_0952_EV.png'),
(144, 953, 9, 'Léboulérou', 'https://www.pokepedia.fr/images/1/13/Miniature_0953_EV.png'),
(145, 954, 9, 'Bérasca', 'https://www.pokepedia.fr/images/b/b2/Miniature_0954_EV.png'),
(146, 955, 9, 'Flotillon', 'https://www.pokepedia.fr/images/2/2e/Miniature_0955_EV.png'),
(147, 956, 9, 'Cléopsytra', 'https://www.pokepedia.fr/images/c/c7/Miniature_0956_EV.png'),
(148, 957, 9, 'Forgerette', 'https://www.pokepedia.fr/images/c/c5/Miniature_0957_EV.png'),
(149, 958, 9, 'Forgella', 'https://www.pokepedia.fr/images/c/c7/Miniature_0958_EV.png'),
(150, 959, 9, 'Forgelina', 'https://www.pokepedia.fr/images/6/63/Miniature_0959_EV.png'),
(151, 960, 9, 'Taupikeau', 'https://www.pokepedia.fr/images/8/85/Miniature_0960_EV.png'),
(152, 961, 9, 'Triopikeau', 'https://www.pokepedia.fr/images/4/4b/Miniature_0961_EV.png'),
(153, 962, 9, 'Lestombaile', 'https://www.pokepedia.fr/images/9/9b/Miniature_0962_EV.png'),
(154, 963, 9, 'Dofin', 'https://www.pokepedia.fr/images/5/5f/Miniature_0963_EV.png'),
(155, 964, 9, 'Superdofin', 'https://www.pokepedia.fr/images/b/b5/Miniature_0964_EV.png'),
(156, 965, 9, 'Vrombi', 'https://www.pokepedia.fr/images/d/d2/Miniature_0965_EV.png'),
(157, 966, 9, 'Vrombotor', 'https://www.pokepedia.fr/images/1/1f/Miniature_0966_EV.png'),
(158, 967, 9, 'Motorizard', 'https://www.pokepedia.fr/images/1/1e/Miniature_0967_EV.png'),
(159, 968, 9, 'Ferdeter', 'https://www.pokepedia.fr/images/6/68/Miniature_0968_EV.png'),
(160, 969, 9, 'Germéclat', 'https://www.pokepedia.fr/images/0/08/Miniature_0969_EV.png'),
(161, 970, 9, 'Floréclat', 'https://www.pokepedia.fr/images/3/30/Miniature_0970_EV.png'),
(162, 971, 9, 'Toutombe', 'https://www.pokepedia.fr/images/b/b6/Miniature_0971_EV.png'),
(163, 972, 9, 'Tomberro', 'https://www.pokepedia.fr/images/d/df/Miniature_0972_EV.png'),
(164, 973, 9, 'Flamenroule', 'https://www.pokepedia.fr/images/4/4b/Miniature_0973_EV.png'),
(165, 974, 9, 'Piétacé', 'https://www.pokepedia.fr/images/0/0d/Miniature_0974_EV.png'),
(166, 975, 9, 'Balbalèze', 'https://www.pokepedia.fr/images/9/99/Miniature_0975_EV.png'),
(167, 976, 9, 'Délestin', 'https://www.pokepedia.fr/images/8/8a/Miniature_0976_EV.png'),
(168, 977, 9, 'Oyacata', 'https://www.pokepedia.fr/images/2/2e/Miniature_0977_EV.png'),
(169, 978, 9, 'Nigirigon', 'https://www.pokepedia.fr/images/a/a9/Miniature_0978_EV.png'),
(170, 979, 9, 'Courrousinge', 'https://www.pokepedia.fr/images/2/24/Miniature_0979_EV.png'),
(171, 980, 9, 'Terraiste', 'https://www.pokepedia.fr/images/4/47/Miniature_0980_EV.png'),
(172, 981, 9, 'Farigiraf', 'https://www.pokepedia.fr/images/d/db/Miniature_0981_EV.png'),
(173, 982, 9, 'Deusolourdo', 'https://www.pokepedia.fr/images/2/24/Miniature_0982_EV.png'),
(174, 983, 9, 'Scalpereur', 'https://www.pokepedia.fr/images/c/c2/Miniature_0983_EV.png'),
(175, 984, 9, 'Fort‑Ivoire', 'https://www.pokepedia.fr/images/8/8a/Miniature_0984_EV.png'),
(176, 985, 9, 'Hurle‑Queue', 'https://www.pokepedia.fr/images/c/ce/Miniature_0985_EV.png'),
(177, 986, 9, 'Fongus‑Furie', 'https://www.pokepedia.fr/images/f/f6/Miniature_0986_EV.png'),
(178, 987, 9, 'Flotte‑Mèche', 'https://www.pokepedia.fr/images/7/76/Miniature_0987_EV.png'),
(179, 988, 9, 'Rampe‑Ailes', 'https://www.pokepedia.fr/images/3/30/Miniature_0988_EV.png'),
(180, 989, 9, 'Pelage‑Sablé', 'https://www.pokepedia.fr/images/7/71/Miniature_0989_EV.png'),
(181, 990, 9, 'Roue‑de‑Fer', 'https://www.pokepedia.fr/images/3/33/Miniature_0990_EV.png'),
(182, 991, 9, 'Hotte‑de‑Fer', 'https://www.pokepedia.fr/images/4/49/Miniature_0991_EV.png'),
(183, 992, 9, 'Paume‑de‑Fer', 'https://www.pokepedia.fr/images/8/8c/Miniature_0992_EV.png'),
(184, 993, 9, 'Têtes‑de‑Fer', 'https://www.pokepedia.fr/images/2/2d/Miniature_0993_EV.png'),
(185, 994, 9, 'Mite‑de‑Fer', 'https://www.pokepedia.fr/images/4/45/Miniature_0994_EV.png'),
(186, 995, 9, 'Épine‑de‑Fer', 'https://www.pokepedia.fr/images/c/c6/Miniature_0995_EV.png'),
(187, 996, 9, 'Frigodo', 'https://www.pokepedia.fr/images/1/1a/Miniature_0996_EV.png'),
(188, 997, 9, 'Cryodo', 'https://www.pokepedia.fr/images/4/46/Miniature_0997_EV.png'),
(189, 998, 9, 'Glaivodo', 'https://www.pokepedia.fr/images/0/0e/Miniature_0998_EV.png'),
(190, 999, 9, 'Morudor', 'https://www.pokepedia.fr/images/b/b3/Miniature_0999_EV.png'),
(191, 1000, 9, 'Gromago', 'https://www.pokepedia.fr/images/c/cb/Miniature_1000_EV.png'),
(192, 1001, 9, 'Chongjian', 'https://www.pokepedia.fr/images/f/f4/Miniature_1001_EV.png'),
(193, 1002, 9, 'Baojian', 'https://www.pokepedia.fr/images/8/89/Miniature_1002_EV.png'),
(194, 1003, 9, 'Dinglu', 'https://www.pokepedia.fr/images/9/9e/Miniature_1003_EV.png'),
(195, 1004, 9, 'Yuyu', 'https://www.pokepedia.fr/images/2/2d/Miniature_1004_EV.png'),
(196, 1005, 9, 'Rugit‑Lune', 'https://www.pokepedia.fr/images/e/ea/Miniature_1005_EV.png'),
(197, 1006, 9, 'Garde‑de‑Fer', 'https://www.pokepedia.fr/images/1/1e/Miniature_1006_EV.png'),
(198, 1007, 9, 'Koraidon', 'https://www.pokepedia.fr/images/5/5a/Miniature_1007_EV.png'),
(199, 1008, 9, 'Miraidon', 'https://www.pokepedia.fr/images/2/2a/Miniature_1008_EV.png'),
(200, 1009, 9, 'Serpent‑Eau', 'https://www.pokepedia.fr/images/9/9e/Miniature_1009_EV.png'),
(201, 1010, 9, 'Vert‑de‑Fer', 'https://www.pokepedia.fr/images/d/da/Miniature_1010_EV.png'),
(202, 1011, 9, 'Pomdramour', 'https://www.pokepedia.fr/images/9/97/Miniature_1011_EV.png'),
(203, 1012, 9, 'Poltchageist', 'https://www.pokepedia.fr/images/1/16/Miniature_1012_EV.png'),
(204, 1013, 9, 'Théffroyable', 'https://www.pokepedia.fr/images/3/3a/Miniature_1013_EV.png'),
(205, 1014, 9, 'Félicanis', 'https://www.pokepedia.fr/images/6/6c/Miniature_1014_EV.png'),
(206, 1015, 9, 'Fortusimia', 'https://www.pokepedia.fr/images/0/01/Miniature_1015_EV.png'),
(207, 1016, 9, 'Favianos', 'https://www.pokepedia.fr/images/5/5b/Miniature_1016_EV.png'),
(208, 1017, 9, 'Ogerpon', 'https://www.pokepedia.fr/images/2/27/Miniature_1017_EV.png'),
(209, 1018, 9, 'Pondralugon', 'https://www.pokepedia.fr/images/5/51/Miniature_1018_EV.png'),
(210, 1019, 9, 'Pomdorochi', 'https://www.pokepedia.fr/images/7/74/Miniature_1019_EV.png'),
(211, 1020, 9, 'Feu-Perçant', 'https://www.pokepedia.fr/images/b/be/Miniature_1020_EV.png'),
(212, 1021, 9, 'Ire-Foudre', 'https://www.pokepedia.fr/images/7/7a/Miniature_1021_EV.png'),
(213, 1022, 9, 'Roc-de-Fer', 'https://www.pokepedia.fr/images/c/cd/Miniature_1022_EV.png'),
(214, 1023, 9, 'Chef-de-Fer', 'https://www.pokepedia.fr/images/f/f7/Miniature_1023_EV.png'),
(215, 1024, 9, 'Terapagos', 'https://www.pokepedia.fr/images/3/37/Miniature_1024_EV.png'),
(216, 1025, 9, 'Pêchaminus', 'https://www.pokepedia.fr/images/f/f9/Miniature_1025_EV.png');

-- --------------------------------------------------------

--
-- Table structure for table `pokemon_type`
--

CREATE TABLE `pokemon_type` (
  `pokemon_id` int(11) NOT NULL,
  `type_id` int(11) NOT NULL
) ENGINE=InnoDB DEFAULT CHARSET=utf8mb4 COLLATE=utf8mb4_general_ci;

--
-- Dumping data for table `pokemon_type`
--

INSERT INTO `pokemon_type` (`pokemon_id`, `type_id`) VALUES
(1, 1),
(2, 1),
(3, 1),
(4, 2),
(5, 2),
(6, 2),
(7, 3),
(8, 3),
(9, 3),
(10, 4),
(11, 4),
(12, 5),
(13, 5),
(13, 6),
(14, 5),
(14, 6),
(15, 7),
(16, 7),
(16, 8),
(17, 7),
(17, 8),
(18, 9),
(19, 9),
(20, 1),
(21, 1),
(22, 4),
(23, 4),
(24, 3),
(25, 3),
(25, 10),
(26, 11),
(27, 11),
(28, 10),
(29, 2),
(29, 10),
(30, 2),
(30, 10),
(31, 1),
(31, 12),
(32, 1),
(32, 12),
(33, 1),
(33, 12),
(34, 13),
(35, 13),
(36, 3),
(36, 5),
(37, 3),
(38, 3),
(39, 11),
(39, 14),
(40, 11),
(40, 14),
(41, 2),
(41, 7),
(42, 2),
(42, 7),
(43, 15),
(44, 15),
(45, 16),
(46, 16),
(47, 8),
(48, 8),
(49, 8),
(49, 17),
(50, 9),
(50, 17),
(51, 9),
(51, 17),
(52, 9),
(52, 17),
(53, 4),
(53, 11),
(54, 6),
(55, 16),
(56, 15),
(57, 8),
(57, 18),
(58, 13),
(58, 16),
(59, 17),
(60, 17),
(61, 15),
(62, 11),
(63, 7),
(63, 18),
(64, 7),
(64, 18),
(65, 10),
(66, 18),
(67, 4),
(67, 8),
(68, 9),
(68, 11),
(69, 6),
(70, 6),
(71, 11),
(71, 12),
(72, 11),
(72, 18),
(73, 3),
(73, 12),
(74, 3),
(74, 18),
(75, 6),
(75, 12),
(76, 12),
(76, 16),
(77, 12),
(77, 16),
(78, 12),
(78, 16),
(79, 6),
(79, 17),
(80, 6),
(80, 15),
(81, 12),
(81, 14),
(82, 15),
(83, 9),
(83, 15),
(84, 1),
(84, 9),
(85, 11),
(86, 12),
(87, 18),
(88, 16),
(89, 1),
(89, 8),
(90, 4),
(90, 8),
(91, 7),
(91, 10),
(92, 4),
(92, 13),
(93, 3),
(93, 16),
(94, 14),
(94, 15),
(95, 9),
(95, 14),
(96, 5),
(96, 17),
(97, 1),
(98, 1),
(99, 1),
(99, 9),
(100, 2),
(101, 2),
(102, 2),
(102, 16),
(103, 3),
(104, 3),
(105, 3),
(105, 15),
(106, 4),
(107, 4),
(108, 7),
(109, 7),
(110, 7),
(111, 7),
(111, 9),
(112, 11),
(113, 11),
(113, 15),
(114, 11),
(114, 15),
(115, 4),
(116, 4),
(117, 17),
(118, 17),
(119, 1),
(119, 4),
(120, 1),
(120, 4),
(121, 1),
(121, 4),
(122, 4),
(122, 5),
(123, 10),
(124, 10),
(125, 10),
(126, 2),
(127, 2),
(127, 8),
(128, 2),
(128, 16),
(129, 11),
(130, 11),
(131, 5),
(131, 11),
(132, 5),
(132, 11),
(133, 9),
(134, 9),
(135, 4),
(135, 14),
(136, 4),
(136, 14),
(137, 1),
(137, 16),
(138, 1),
(138, 16),
(139, 1),
(139, 13),
(140, 1),
(140, 13),
(141, 10),
(142, 1),
(143, 1),
(143, 2),
(144, 7),
(145, 7),
(145, 8),
(146, 8),
(147, 8),
(148, 6),
(148, 17),
(149, 6),
(149, 17),
(150, 6),
(150, 17),
(151, 3),
(152, 3),
(153, 5),
(153, 9),
(154, 3),
(155, 3),
(156, 6),
(156, 14),
(157, 6),
(157, 14),
(158, 4),
(158, 12),
(159, 6),
(160, 10),
(160, 14),
(161, 10),
(161, 14),
(162, 16),
(163, 16),
(164, 5),
(164, 15),
(165, 18),
(166, 18),
(167, 3),
(167, 8),
(168, 3),
(169, 3),
(169, 12),
(170, 15),
(170, 16),
(171, 13),
(171, 14),
(172, 4),
(172, 8),
(173, 4),
(174, 6),
(174, 9),
(175, 13),
(175, 15),
(176, 8),
(176, 17),
(177, 1),
(177, 9),
(178, 16),
(178, 17),
(179, 7),
(179, 15),
(180, 11),
(180, 13),
(181, 6),
(181, 13),
(182, 3),
(182, 18),
(183, 11),
(183, 15),
(184, 5),
(184, 9),
(185, 2),
(185, 14),
(186, 10),
(186, 11),
(187, 12),
(187, 18),
(188, 12),
(188, 18),
(189, 12),
(189, 18),
(190, 16),
(191, 6),
(191, 16),
(192, 1),
(192, 9),
(193, 9),
(193, 18),
(194, 9),
(194, 13),
(195, 2),
(195, 9),
(196, 9),
(196, 12),
(197, 15),
(197, 17),
(198, 12),
(198, 15),
(199, 11),
(199, 12),
(200, 3),
(200, 12),
(201, 1),
(201, 8),
(202, 1),
(202, 12),
(203, 1),
(203, 16),
(204, 1),
(204, 16),
(205, 14),
(205, 15),
(206, 8),
(206, 14),
(207, 14),
(207, 17),
(208, 1),
(209, 6),
(209, 12),
(210, 1),
(210, 12),
(211, 2),
(211, 12),
(212, 11),
(212, 12),
(213, 8),
(213, 10),
(214, 6),
(214, 8),
(215, 4),
(216, 9),
(216, 16);

-- --------------------------------------------------------

--
-- Table structure for table `type`
--

CREATE TABLE `type` (
  `id` int(11) NOT NULL,
  `nom` varchar(20) NOT NULL,
  `icone_url` varchar(255) DEFAULT NULL
) ENGINE=InnoDB DEFAULT CHARSET=utf8mb4 COLLATE=utf8mb4_general_ci;

--
-- Dumping data for table `type`
--

INSERT INTO `type` (`id`, `nom`, `icone_url`) VALUES
(1, 'Plante', 'https://www.pokepedia.fr/images/thumb/d/d9/Miniature_Type_Plante_EV.png/80px-Miniature_Type_Plante_EV.png'),
(2, 'Feu', 'https://www.pokepedia.fr/images/thumb/c/c7/Miniature_Type_Feu_EV.png/80px-Miniature_Type_Feu_EV.png'),
(3, 'Eau', 'https://www.pokepedia.fr/images/thumb/3/3d/Miniature_Type_Eau_EV.png/80px-Miniature_Type_Eau_EV.png'),
(4, 'Normal', 'https://www.pokepedia.fr/images/thumb/b/bf/Miniature_Type_Normal_EV.png/80px-Miniature_Type_Normal_EV.png'),
(5, 'Vol', 'https://www.pokepedia.fr/images/thumb/9/99/Miniature_Type_Vol_EV.png/80px-Miniature_Type_Vol_EV.png'),
(6, 'Acier', 'https://www.pokepedia.fr/images/thumb/2/27/Miniature_Type_Acier_EV.png/80px-Miniature_Type_Acier_EV.png'),
(7, 'Insecte', 'https://www.pokepedia.fr/images/thumb/a/a9/Miniature_Type_Insecte_EV.png/80px-Miniature_Type_Insecte_EV.png'),
(8, 'Psy', 'https://www.pokepedia.fr/images/thumb/8/81/Miniature_Type_Psy_EV.png/80px-Miniature_Type_Psy_EV.png'),
(9, 'Ténèbres', 'https://www.pokepedia.fr/images/thumb/b/bc/Miniature_Type_T%C3%A9n%C3%A8bres_EV.png/80px-Miniature_Type_T%C3%A9n%C3%A8bres_EV.png'),
(10, 'Roche', 'https://www.pokepedia.fr/images/thumb/f/fe/Miniature_Type_Roche_EV.png/80px-Miniature_Type_Roche_EV.png'),
(11, 'Électrik', 'https://www.pokepedia.fr/images/thumb/6/6d/Miniature_Type_%C3%89lectrik_EV.png/80px-Miniature_Type_%C3%89lectrik_EV.png'),
(12, 'Dragon', 'https://www.pokepedia.fr/images/thumb/3/3d/Miniature_Type_Dragon_EV.png/80px-Miniature_Type_Dragon_EV.png'),
(13, 'Sol', 'https://www.pokepedia.fr/images/thumb/4/40/Miniature_Type_Sol_EV.png/80px-Miniature_Type_Sol_EV.png'),
(14, 'Poison', 'https://www.pokepedia.fr/images/thumb/1/1c/Miniature_Type_Poison_EV.png/80px-Miniature_Type_Poison_EV.png'),
(15, 'Combat', 'https://www.pokepedia.fr/images/thumb/9/96/Miniature_Type_Combat_EV.png/80px-Miniature_Type_Combat_EV.png'),
(16, 'Spectre', 'https://www.pokepedia.fr/images/thumb/4/43/Miniature_Type_Spectre_EV.png/80px-Miniature_Type_Spectre_EV.png'),
(17, 'Fée', 'https://www.pokepedia.fr/images/thumb/5/58/Miniature_Type_F%C3%A9e_EV.png/80px-Miniature_Type_F%C3%A9e_EV.png'),
(18, 'Glace', 'https://www.pokepedia.fr/images/thumb/e/e7/Miniature_Type_Glace_EV.png/80px-Miniature_Type_Glace_EV.png');

--
-- Indexes for dumped tables
--

--
-- Indexes for table `evolution`
--
ALTER TABLE `evolution`
  ADD PRIMARY KEY (`id`),
  ADD KEY `pokemon_debut_id` (`pokemon_debut_id`),
  ADD KEY `pokemon_fin_id` (`pokemon_fin_id`);

--
-- Indexes for table `pokemon`
--
ALTER TABLE `pokemon`
  ADD PRIMARY KEY (`id`),
  ADD UNIQUE KEY `numero_national` (`numero_national`);

--
-- Indexes for table `pokemon_type`
--
ALTER TABLE `pokemon_type`
  ADD PRIMARY KEY (`pokemon_id`,`type_id`),
  ADD KEY `type_id` (`type_id`);

--
-- Indexes for table `type`
--
ALTER TABLE `type`
  ADD PRIMARY KEY (`id`),
  ADD UNIQUE KEY `nom` (`nom`);

--
-- AUTO_INCREMENT for dumped tables
--

--
-- AUTO_INCREMENT for table `evolution`
--
ALTER TABLE `evolution`
  MODIFY `id` int(11) NOT NULL AUTO_INCREMENT, AUTO_INCREMENT=125;

--
-- AUTO_INCREMENT for table `pokemon`
--
ALTER TABLE `pokemon`
  MODIFY `id` int(11) NOT NULL AUTO_INCREMENT, AUTO_INCREMENT=217;

--
-- AUTO_INCREMENT for table `type`
--
ALTER TABLE `type`
  MODIFY `id` int(11) NOT NULL AUTO_INCREMENT, AUTO_INCREMENT=19;

--
-- Constraints for dumped tables
--

--
-- Constraints for table `evolution`
--
ALTER TABLE `evolution`
  ADD CONSTRAINT `evolution_ibfk_1` FOREIGN KEY (`pokemon_debut_id`) REFERENCES `pokemon` (`id`) ON DELETE CASCADE,
  ADD CONSTRAINT `evolution_ibfk_2` FOREIGN KEY (`pokemon_fin_id`) REFERENCES `pokemon` (`id`) ON DELETE CASCADE;

--
-- Constraints for table `pokemon_type`
--
ALTER TABLE `pokemon_type`
  ADD CONSTRAINT `pokemon_type_ibfk_1` FOREIGN KEY (`pokemon_id`) REFERENCES `pokemon` (`id`) ON DELETE CASCADE,
  ADD CONSTRAINT `pokemon_type_ibfk_2` FOREIGN KEY (`type_id`) REFERENCES `type` (`id`) ON DELETE CASCADE;
COMMIT;

/*!40101 SET CHARACTER_SET_CLIENT=@OLD_CHARACTER_SET_CLIENT */;
/*!40101 SET CHARACTER_SET_RESULTS=@OLD_CHARACTER_SET_RESULTS */;
/*!40101 SET COLLATION_CONNECTION=@OLD_COLLATION_CONNECTION */;
