-- phpMyAdmin SQL Dump
-- version 5.2.2
-- https://www.phpmyadmin.net/
--
-- Host: mysql-nationsound.alwaysdata.net
-- Generation Time: Jul 22, 2025 at 07:33 PM
-- Server version: 10.11.13-MariaDB
-- PHP Version: 7.4.33

SET SQL_MODE = "NO_AUTO_VALUE_ON_ZERO";
START TRANSACTION;
SET time_zone = "+00:00";


/*!40101 SET @OLD_CHARACTER_SET_CLIENT=@@CHARACTER_SET_CLIENT */;
/*!40101 SET @OLD_CHARACTER_SET_RESULTS=@@CHARACTER_SET_RESULTS */;
/*!40101 SET @OLD_COLLATION_CONNECTION=@@COLLATION_CONNECTION */;
/*!40101 SET NAMES utf8mb4 */;

--
-- Database: `bdd_pokedex`
--

-- --------------------------------------------------------

--
-- Table structure for table `evolution`
--

CREATE TABLE `evolution` (
  `id` int(11) NOT NULL,
  `pokemon_debut_id` int(11) DEFAULT NULL,
  `pokemon_fin_id` int(11) DEFAULT NULL,
  `condition` varchar(100) DEFAULT NULL
) ENGINE=InnoDB DEFAULT CHARSET=utf8mb4 COLLATE=utf8mb4_general_ci;

--
-- Dumping data for table `evolution`
--

INSERT INTO `evolution` (`id`, `pokemon_debut_id`, `pokemon_fin_id`, `condition`) VALUES
(1, 1, 2, 'Niveau 16'),
(2, 2, 3, 'Niveau 35'),
(3, 4, 5, 'Niveau 16'),
(7, 5, 6, 'Niveau 35'),
(8, 7, 8, 'Niveau 16'),
(9, 8, 9, 'Niveau 35'),
(10, 10, 11, 'Niveau 24'),
(11, 12, 13, 'Niveau 18'),
(12, 13, 14, 'Niveau 38'),
(13, 15, 16, 'Niveau 10'),
(14, 16, 17, 'Niveau 30'),
(15, 18, 19, 'Niveau 18'),
(16, 20, 21, 'Niveau 20'),
(17, 22, 23, 'Niveau 24'),
(18, 24, 25, 'Niveau 22'),
(19, 26, 27, 'Niveau 25'),
(20, 28, 29, 'Niveau 18'),
(21, 29, 30, 'Niveau 34'),
(22, 31, 32, 'Pomme Sucrée'),
(23, 31, 33, 'Pomme Acidulée'),
(24, 34, 35, 'Niveau 36'),
(25, 37, 38, 'Niveau 26'),
(26, 39, 40, 'Niveau 30'),
(27, 41, 42, 'Niveau 28'),
(28, 43, 44, 'Monter d\'un niveau en connaissant Provoc'),
(29, 45, 46, 'Théière fêlée ou craquelée'),
(30, 47, 48, 'Niveau 32'),
(31, 48, 49, 'Niveau 42'),
(32, 50, 51, 'Niveau 32'),
(33, 51, 52, 'Niveau 42'),
(34, 59, 60, 'Faire tenir un objet en sucre + tourner sur soi-même'),
(35, 63, 64, 'Bonheur + Monter de niveau la nuit'),
(36, 76, 77, 'Niveau 50'),
(37, 77, 78, 'Niveau 60'),
(40, 82, 83, 'Terminer l\'une des deux Tours des Deux Poings'),
(81, 69, 70, 'Niveau 34'),
(82, 97, 98, 'Niveau 16'),
(83, 98, 99, 'Niveau 36'),
(84, 100, 101, 'Niveau 16'),
(85, 101, 102, 'Niveau 36'),
(86, 103, 104, 'Niveau 16'),
(87, 104, 105, 'Niveau 36'),
(88, 106, 107, 'Niveau 18'),
(89, 108, 109, 'Niveau 15'),
(90, 110, 111, 'Niveau 24'),
(91, 112, 113, 'Niveau 18'),
(92, 113, 114, 'Marcher 1000 pas avec fonction \"En avant\" + Monter de niveau'),
(93, 115, 116, 'Niveau 25 en battant un Pokémon'),
(94, 117, 118, 'Niveau 26'),
(95, 119, 120, 'Niveau 25'),
(96, 120, 121, 'Niveau 35'),
(97, 123, 124, 'Niveau 24'),
(98, 124, 125, 'Niveau 38'),
(99, 126, 127, 'Utiliser une Armure de la Fortune'),
(100, 126, 128, 'Utiliser une Armure de la Rancune'),
(101, 129, 130, 'Pierre Foudre'),
(102, 131, 132, 'Niveau 25'),
(103, 133, 134, 'Niveau 30'),
(104, 135, 136, 'Niveau 28'),
(105, 137, 138, 'Marcher 1000 pas avec fonction \"En avant\" + Monter de niveau'),
(106, 139, 140, 'Niveau 30'),
(107, 142, 143, 'Pierre Feu'),
(108, 144, 145, 'Marcher 1000 pas dans une zone boueuse avec fonction \"En avant\" + Monter de niveau'),
(109, 146, 147, 'Niveau 35'),
(110, 148, 149, 'Niveau 24'),
(111, 149, 150, 'Niveau 38'),
(112, 151, 152, 'Niveau 26'),
(113, 154, 155, 'Niveau 38 en mode coop'),
(114, 156, 157, 'Niveau 40'),
(115, 160, 161, 'Niveau 35'),
(116, 162, 163, 'Niveau 30 (uniquement la nuit)'),
(117, 165, 166, 'Pierre Glace'),
(118, 187, 188, 'Niveau 35'),
(119, 188, 189, 'Niveau 54'),
(120, 190, 191, 'Obtenir 999 pièces de Mordudor'),
(121, 31, 202, 'Pomme Nectar'),
(122, 202, 210, 'Apprendre la capacité Cri Draconique + Monter de niveau'),
(123, 203, 204, 'Bol Médiocre ou Bol Exceptionnel'),
(124, 75, 209, 'Métal Composite');

-- --------------------------------------------------------

--
-- Table structure for table `pokemon`
--

CREATE TABLE `pokemon` (
  `id` int(11) NOT NULL,
  `numero_national` int(11) NOT NULL,
  `generation` int(11) NOT NULL,
  `nom` varchar(50) NOT NULL,
  `image_url` varchar(255) DEFAULT NULL
) ENGINE=InnoDB DEFAULT CHARSET=utf8mb4 COLLATE=utf8mb4_general_ci;

--
-- Dumping data for table `pokemon`
--

INSERT INTO `pokemon` (`id`, `numero_national`, `generation`, `nom`, `image_url`) VALUES
(1, 810, 8, 'Ouistempo', 'https://assets.pokemon.com/assets/cms2/img/pokedex/detail/810.png'),
(2, 811, 8, 'Badabouin', 'https://assets.pokemon.com/assets/cms2/img/pokedex/detail/811.png'),
(3, 812, 8, 'Gorythmic', 'https://assets.pokemon.com/assets/cms2/img/pokedex/detail/812.png'),
(4, 813, 8, 'Flambino', 'https://assets.pokemon.com/assets/cms2/img/pokedex/detail/813.png'),
(5, 814, 8, 'Lapyro', 'https://assets.pokemon.com/assets/cms2/img/pokedex/detail/814.png'),
(6, 815, 8, 'Pyrobut', 'https://assets.pokemon.com/assets/cms2/img/pokedex/detail/815.png'),
(7, 816, 8, 'Larméléon', 'https://assets.pokemon.com/assets/cms2/img/pokedex/detail/816.png'),
(8, 817, 8, 'Arrozard', 'https://assets.pokemon.com/assets/cms2/img/pokedex/detail/817.png'),
(9, 818, 8, 'Lézargus', 'https://assets.pokemon.com/assets/cms2/img/pokedex/detail/818.png'),
(10, 819, 8, 'Rongourmand', 'https://assets.pokemon.com/assets/cms2/img/pokedex/detail/819.png'),
(11, 820, 8, 'Rongrigou', 'https://assets.pokemon.com/assets/cms2/img/pokedex/detail/820.png'),
(12, 821, 8, 'Minisange', 'https://assets.pokemon.com/assets/cms2/img/pokedex/detail/821.png'),
(13, 822, 8, 'Bleuseille', 'https://assets.pokemon.com/assets/cms2/img/pokedex/detail/822.png'),
(14, 823, 8, 'Corvaillus', 'https://assets.pokemon.com/assets/cms2/img/pokedex/detail/823.png'),
(15, 824, 8, 'Larvadar', 'https://assets.pokemon.com/assets/cms2/img/pokedex/detail/824.png'),
(16, 825, 8, 'Coléodôme', 'https://assets.pokemon.com/assets/cms2/img/pokedex/detail/825.png'),
(17, 826, 8, 'Astronelle', 'https://assets.pokemon.com/assets/cms2/img/pokedex/detail/826.png'),
(18, 827, 8, 'Goupilou', 'https://assets.pokemon.com/assets/cms2/img/pokedex/detail/827.png'),
(19, 828, 8, 'Roublenard', 'https://assets.pokemon.com/assets/cms2/img/pokedex/detail/828.png'),
(20, 829, 8, 'Tournicoton', 'https://assets.pokemon.com/assets/cms2/img/pokedex/detail/829.png'),
(21, 830, 8, 'Blancoton', 'https://assets.pokemon.com/assets/cms2/img/pokedex/detail/830.png'),
(22, 831, 8, 'Moumouton', 'https://assets.pokemon.com/assets/cms2/img/pokedex/detail/831.png'),
(23, 832, 8, 'Moumouflon', 'https://assets.pokemon.com/assets/cms2/img/pokedex/detail/832.png'),
(24, 833, 8, 'Khélocrok', 'https://assets.pokemon.com/assets/cms2/img/pokedex/detail/833.png'),
(25, 834, 8, 'Torgamord', 'https://assets.pokemon.com/assets/cms2/img/pokedex/detail/834.png'),
(26, 835, 8, 'Voltoutou', 'https://assets.pokemon.com/assets/cms2/img/pokedex/detail/835.png'),
(27, 836, 8, 'Fulgudog', 'https://assets.pokemon.com/assets/cms2/img/pokedex/detail/836.png'),
(28, 837, 8, 'Charbi', 'https://assets.pokemon.com/assets/cms2/img/pokedex/detail/837.png'),
(29, 838, 8, 'Wagomine', 'https://assets.pokemon.com/assets/cms2/img/pokedex/detail/838.png'),
(30, 839, 8, 'Monthracite', 'https://assets.pokemon.com/assets/cms2/img/pokedex/detail/839.png'),
(31, 840, 8, 'Verpom', 'https://assets.pokemon.com/assets/cms2/img/pokedex/detail/840.png'),
(32, 841, 8, 'Pomdrapi', 'https://assets.pokemon.com/assets/cms2/img/pokedex/detail/841.png'),
(33, 842, 8, 'Dratatin', 'https://assets.pokemon.com/assets/cms2/img/pokedex/detail/842.png'),
(34, 843, 8, 'Dunaja', 'https://assets.pokemon.com/assets/cms2/img/pokedex/detail/843.png'),
(35, 844, 8, 'Dunaconda', 'https://assets.pokemon.com/assets/cms2/img/pokedex/detail/844.png'),
(36, 845, 8, 'Nigosier', 'https://assets.pokemon.com/assets/cms2/img/pokedex/detail/845.png'),
(37, 846, 8, 'Embrochet', 'https://assets.pokemon.com/assets/cms2/img/pokedex/detail/846.png'),
(38, 847, 8, 'Hastacuda', 'https://assets.pokemon.com/assets/cms2/img/pokedex/detail/847.png'),
(39, 848, 8, 'Toxizap', 'https://assets.pokemon.com/assets/cms2/img/pokedex/detail/848.png'),
(40, 849, 8, 'Salarsen', 'https://assets.pokemon.com/assets/cms2/img/pokedex/detail/849.png'),
(41, 850, 8, 'Grillepattes', 'https://assets.pokemon.com/assets/cms2/img/pokedex/detail/850.png'),
(42, 851, 8, 'Scolocendre', 'https://assets.pokemon.com/assets/cms2/img/pokedex/detail/851.png'),
(43, 852, 8, 'Poulpaf', 'https://assets.pokemon.com/assets/cms2/img/pokedex/detail/852.png'),
(44, 853, 8, 'Krakos', 'https://assets.pokemon.com/assets/cms2/img/pokedex/detail/853.png'),
(45, 854, 8, 'Théffroi', 'https://assets.pokemon.com/assets/cms2/img/pokedex/detail/854.png'),
(46, 855, 8, 'Polthégeist', 'https://assets.pokemon.com/assets/cms2/img/pokedex/detail/855.png'),
(47, 856, 8, 'Bibichut', 'https://assets.pokemon.com/assets/cms2/img/pokedex/detail/856.png'),
(48, 857, 8, 'Chapotus', 'https://assets.pokemon.com/assets/cms2/img/pokedex/detail/857.png'),
(49, 858, 8, 'Sorcilence', 'https://assets.pokemon.com/assets/cms2/img/pokedex/detail/858.png'),
(50, 859, 8, 'Grimalin', 'https://assets.pokemon.com/assets/cms2/img/pokedex/detail/859.png'),
(51, 860, 8, 'Fourbelin', 'https://assets.pokemon.com/assets/cms2/img/pokedex/detail/860.png'),
(52, 861, 8, 'Angoliath', 'https://assets.pokemon.com/assets/cms2/img/pokedex/detail/861.png'),
(53, 862, 8, 'Ixon', 'https://assets.pokemon.com/assets/cms2/img/pokedex/detail/862.png'),
(54, 863, 8, 'Berserkatt', 'https://assets.pokemon.com/assets/cms2/img/pokedex/detail/863.png'),
(55, 864, 8, 'Corayôme', 'https://assets.pokemon.com/assets/cms2/img/pokedex/detail/864.png'),
(56, 865, 8, 'Palarticho', 'https://assets.pokemon.com/assets/cms2/img/pokedex/detail/865.png'),
(57, 866, 8, 'M. Glaquette', 'https://assets.pokemon.com/assets/cms2/img/pokedex/detail/866.png'),
(58, 867, 8, 'Tutétékri', 'https://assets.pokemon.com/assets/cms2/img/pokedex/detail/867.png'),
(59, 868, 8, 'Crèmy', 'https://assets.pokemon.com/assets/cms2/img/pokedex/detail/868.png'),
(60, 869, 8, 'Charmilly', 'https://assets.pokemon.com/assets/cms2/img/pokedex/detail/869.png'),
(61, 870, 8, 'Hexadron', 'https://assets.pokemon.com/assets/cms2/img/pokedex/detail/870.png'),
(62, 871, 8, 'Wattapik', 'https://assets.pokemon.com/assets/cms2/img/pokedex/detail/871.png'),
(63, 872, 8, 'Frissonille', 'https://assets.pokemon.com/assets/cms2/img/pokedex/detail/872.png'),
(64, 873, 8, 'Beldeneige', 'https://assets.pokemon.com/assets/cms2/img/pokedex/detail/873.png'),
(65, 874, 8, 'Dolman', 'https://assets.pokemon.com/assets/cms2/img/pokedex/detail/874.png'),
(66, 875, 8, 'Bekaglaçon', 'https://assets.pokemon.com/assets/cms2/img/pokedex/detail/875.png'),
(67, 876, 8, 'Wimessir', 'https://assets.pokemon.com/assets/cms2/img/pokedex/detail/876.png'),
(68, 877, 8, 'Morpeko', 'https://assets.pokemon.com/assets/cms2/img/pokedex/detail/877.png'),
(69, 878, 8, 'Charibari', 'https://assets.pokemon.com/assets/cms2/img/pokedex/detail/878.png'),
(70, 879, 8, 'Pachyradjah', 'https://assets.pokemon.com/assets/cms2/img/pokedex/detail/879.png'),
(71, 880, 8, 'Galvagon', 'https://assets.pokemon.com/assets/cms2/img/pokedex/detail/880.png'),
(72, 881, 8, 'Galvagla', 'https://assets.pokemon.com/assets/cms2/img/pokedex/detail/881.png'),
(73, 882, 8, 'Hydragon', 'https://assets.pokemon.com/assets/cms2/img/pokedex/detail/882.png'),
(74, 883, 8, 'Hydragla', 'https://assets.pokemon.com/assets/cms2/img/pokedex/detail/883.png'),
(75, 884, 8, 'Duralugon', 'https://assets.pokemon.com/assets/cms2/img/pokedex/detail/884.png'),
(76, 885, 8, 'Fantyrm', 'https://assets.pokemon.com/assets/cms2/img/pokedex/detail/885.png'),
(77, 886, 8, 'Dispareptil', 'https://assets.pokemon.com/assets/cms2/img/pokedex/detail/886.png'),
(78, 887, 8, 'Lanssorien', 'https://assets.pokemon.com/assets/cms2/img/pokedex/detail/887.png'),
(79, 888, 8, 'Zacian', 'https://assets.pokemon.com/assets/cms2/img/pokedex/detail/888.png'),
(80, 889, 8, 'Zamazenta', 'https://assets.pokemon.com/assets/cms2/img/pokedex/detail/889.png'),
(81, 890, 8, 'Éthernatos', 'https://assets.pokemon.com/assets/cms2/img/pokedex/detail/890.png'),
(82, 891, 8, 'Wushours', 'https://assets.pokemon.com/assets/cms2/img/pokedex/detail/891.png'),
(83, 892, 8, 'Shifours', 'https://assets.pokemon.com/assets/cms2/img/pokedex/detail/892.png'),
(84, 893, 8, 'Zarude', 'https://assets.pokemon.com/assets/cms2/img/pokedex/detail/893.png'),
(85, 894, 8, 'Regieleki', 'https://assets.pokemon.com/assets/cms2/img/pokedex/detail/894.png'),
(86, 895, 8, 'Regidrago', 'https://assets.pokemon.com/assets/cms2/img/pokedex/detail/895.png'),
(87, 896, 8, 'Blizzeval', 'https://assets.pokemon.com/assets/cms2/img/pokedex/detail/896.png'),
(88, 897, 8, 'Spectreval', 'https://assets.pokemon.com/assets/cms2/img/pokedex/detail/897.png'),
(89, 898, 8, 'Sylveroy', 'https://assets.pokemon.com/assets/cms2/img/pokedex/detail/898.png'),
(90, 899, 8, 'Cerbyllin', 'https://assets.pokemon.com/assets/cms2/img/pokedex/detail/899.png'),
(91, 900, 8, 'Hachécateur', 'https://assets.pokemon.com/assets/cms2/img/pokedex/detail/900.png'),
(92, 901, 8, 'Ursaking', 'https://assets.pokemon.com/assets/cms2/img/pokedex/detail/901.png'),
(93, 902, 8, 'Paragruel', 'https://assets.pokemon.com/assets/cms2/img/pokedex/detail/902.png'),
(94, 903, 8, 'Farfurex', 'https://assets.pokemon.com/assets/cms2/img/pokedex/detail/903.png'),
(95, 904, 8, 'Qwilpik', 'https://assets.pokemon.com/assets/cms2/img/pokedex/detail/904.png'),
(96, 905, 8, 'Amovénus', 'https://assets.pokemon.com/assets/cms2/img/pokedex/detail/905.png'),
(97, 906, 9, 'Poussacha', 'https://assets.pokemon.com/assets/cms2/img/pokedex/detail/906.png'),
(98, 907, 9, 'Matourgeon', 'https://assets.pokemon.com/assets/cms2/img/pokedex/detail/907.png'),
(99, 908, 9, 'Miascarade', 'https://assets.pokemon.com/assets/cms2/img/pokedex/detail/908.png'),
(100, 909, 9, 'Chochodile', 'https://assets.pokemon.com/assets/cms2/img/pokedex/detail/909.png'),
(101, 910, 9, 'Crocogril', 'https://assets.pokemon.com/assets/cms2/img/pokedex/detail/910.png'),
(102, 911, 9, 'Flâmigator', 'https://assets.pokemon.com/assets/cms2/img/pokedex/detail/911.png'),
(103, 912, 9, 'Coiffeton', 'https://assets.pokemon.com/assets/cms2/img/pokedex/detail/912.png'),
(104, 913, 9, 'Canarbello', 'https://assets.pokemon.com/assets/cms2/img/pokedex/detail/913.png'),
(105, 914, 9, 'Palmaval', 'https://assets.pokemon.com/assets/cms2/img/pokedex/detail/914.png'),
(106, 915, 9, 'Gourmelet', 'https://assets.pokemon.com/assets/cms2/img/pokedex/detail/915.png'),
(107, 916, 9, 'Fragroin', 'https://assets.pokemon.com/assets/cms2/img/pokedex/detail/916.png'),
(108, 917, 9, 'Tissenboule', 'https://assets.pokemon.com/assets/cms2/img/pokedex/detail/917.png'),
(109, 918, 9, 'Filentrappe', 'https://assets.pokemon.com/assets/cms2/img/pokedex/detail/918.png'),
(110, 919, 9, 'Lilliterelle', 'https://assets.pokemon.com/assets/cms2/img/pokedex/detail/919.png'),
(111, 920, 9, 'Gambex', 'https://assets.pokemon.com/assets/cms2/img/pokedex/detail/920.png'),
(112, 921, 9, 'Pohm', 'https://assets.pokemon.com/assets/cms2/img/pokedex/detail/921.png'),
(113, 922, 9, 'Pohmotte', 'https://assets.pokemon.com/assets/cms2/img/pokedex/detail/922.png'),
(114, 923, 9, 'Pohmarmotte', 'https://assets.pokemon.com/assets/cms2/img/pokedex/detail/923.png'),
(115, 924, 9, 'Compagnol', 'https://assets.pokemon.com/assets/cms2/img/pokedex/detail/924.png'),
(116, 925, 9, 'Famignol', 'https://assets.pokemon.com/assets/cms2/img/pokedex/detail/925.png'),
(117, 926, 9, 'Pâtachiot', 'https://assets.pokemon.com/assets/cms2/img/pokedex/detail/926.png'),
(118, 927, 9, 'Briochien', 'https://assets.pokemon.com/assets/cms2/img/pokedex/detail/927.png'),
(119, 928, 9, 'Olivini', 'https://assets.pokemon.com/assets/cms2/img/pokedex/detail/928.png'),
(120, 929, 9, 'Olivado', 'https://assets.pokemon.com/assets/cms2/img/pokedex/detail/929.png'),
(121, 930, 9, 'Arboliva', 'https://assets.pokemon.com/assets/cms2/img/pokedex/detail/930.png'),
(122, 931, 9, 'Tapatoès', 'https://assets.pokemon.com/assets/cms2/img/pokedex/detail/931.png'),
(123, 932, 9, 'Selutin', 'https://assets.pokemon.com/assets/cms2/img/pokedex/detail/932.png'),
(124, 933, 9, 'Amassel', 'https://assets.pokemon.com/assets/cms2/img/pokedex/detail/933.png'),
(125, 934, 9, 'Gigansel', 'https://assets.pokemon.com/assets/cms2/img/pokedex/detail/934.png'),
(126, 935, 9, 'Charbambin', 'https://assets.pokemon.com/assets/cms2/img/pokedex/detail/935.png'),
(127, 936, 9, 'Carmadura', 'https://assets.pokemon.com/assets/cms2/img/pokedex/detail/936.png'),
(128, 937, 9, 'Malvalame', 'https://assets.pokemon.com/assets/cms2/img/pokedex/detail/937.png'),
(129, 938, 9, 'Têtampoule', 'https://assets.pokemon.com/assets/cms2/img/pokedex/detail/938.png'),
(130, 939, 9, 'Ampibidou', 'https://assets.pokemon.com/assets/cms2/img/pokedex/detail/939.png'),
(131, 940, 9, 'Zapétrel', 'https://assets.pokemon.com/assets/cms2/img/pokedex/detail/940.png'),
(132, 941, 9, 'Fulgulairo', 'https://assets.pokemon.com/assets/cms2/img/pokedex/detail/941.png'),
(133, 942, 9, 'Grondogue', 'https://assets.pokemon.com/assets/cms2/img/pokedex/detail/942.png'),
(134, 943, 9, 'Dogrino', 'https://assets.pokemon.com/assets/cms2/img/pokedex/detail/943.png'),
(135, 944, 9, 'Gribouraigne', 'https://assets.pokemon.com/assets/cms2/img/pokedex/detail/944.png'),
(136, 945, 9, 'Tag‑Tag', 'https://assets.pokemon.com/assets/cms2/img/pokedex/detail/945.png'),
(137, 946, 9, 'Virovent', 'https://assets.pokemon.com/assets/cms2/img/pokedex/detail/946.png'),
(138, 947, 9, 'Virevorreur', 'https://assets.pokemon.com/assets/cms2/img/pokedex/detail/947.png'),
(139, 948, 9, 'Terracool', 'https://assets.pokemon.com/assets/cms2/img/pokedex/detail/948.png'),
(140, 949, 9, 'Terracruel', 'https://assets.pokemon.com/assets/cms2/img/pokedex/detail/949.png'),
(141, 950, 9, 'Craparoi', 'https://assets.pokemon.com/assets/cms2/img/pokedex/detail/950.png'),
(142, 951, 9, 'Pimito', 'https://assets.pokemon.com/assets/cms2/img/pokedex/detail/951.png'),
(143, 952, 9, 'Scovilain', 'https://assets.pokemon.com/assets/cms2/img/pokedex/detail/952.png'),
(144, 953, 9, 'Léboulérou', 'https://assets.pokemon.com/assets/cms2/img/pokedex/detail/953.png'),
(145, 954, 9, 'Bérasca', 'https://assets.pokemon.com/assets/cms2/img/pokedex/detail/954.png'),
(146, 955, 9, 'Flotillon', 'https://assets.pokemon.com/assets/cms2/img/pokedex/detail/955.png'),
(147, 956, 9, 'Cléopsytra', 'https://assets.pokemon.com/assets/cms2/img/pokedex/detail/956.png'),
(148, 957, 9, 'Forgerette', 'https://assets.pokemon.com/assets/cms2/img/pokedex/detail/957.png'),
(149, 958, 9, 'Forgella', 'https://assets.pokemon.com/assets/cms2/img/pokedex/detail/958.png'),
(150, 959, 9, 'Forgelina', 'https://assets.pokemon.com/assets/cms2/img/pokedex/detail/959.png'),
(151, 960, 9, 'Taupikeau', 'https://assets.pokemon.com/assets/cms2/img/pokedex/detail/960.png'),
(152, 961, 9, 'Triopikeau', 'https://assets.pokemon.com/assets/cms2/img/pokedex/detail/961.png'),
(153, 962, 9, 'Lestombaile', 'https://assets.pokemon.com/assets/cms2/img/pokedex/detail/962.png'),
(154, 963, 9, 'Dofin', 'https://assets.pokemon.com/assets/cms2/img/pokedex/detail/963.png'),
(155, 964, 9, 'Superdofin', 'https://assets.pokemon.com/assets/cms2/img/pokedex/detail/964.png'),
(156, 965, 9, 'Vrombi', 'https://assets.pokemon.com/assets/cms2/img/pokedex/detail/965.png'),
(157, 966, 9, 'Vrombotor', 'https://assets.pokemon.com/assets/cms2/img/pokedex/detail/966.png'),
(158, 967, 9, 'Motorizard', 'https://assets.pokemon.com/assets/cms2/img/pokedex/detail/967.png'),
(159, 968, 9, 'Ferdeter', 'https://assets.pokemon.com/assets/cms2/img/pokedex/detail/968.png'),
(160, 969, 9, 'Germéclat', 'https://assets.pokemon.com/assets/cms2/img/pokedex/detail/969.png'),
(161, 970, 9, 'Floréclat', 'https://assets.pokemon.com/assets/cms2/img/pokedex/detail/970.png'),
(162, 971, 9, 'Toutombe', 'https://assets.pokemon.com/assets/cms2/img/pokedex/detail/971.png'),
(163, 972, 9, 'Tomberro', 'https://assets.pokemon.com/assets/cms2/img/pokedex/detail/972.png'),
(164, 973, 9, 'Flamenroule', 'https://assets.pokemon.com/assets/cms2/img/pokedex/detail/973.png'),
(165, 974, 9, 'Piétacé', 'https://assets.pokemon.com/assets/cms2/img/pokedex/detail/974.png'),
(166, 975, 9, 'Balbalèze', 'https://assets.pokemon.com/assets/cms2/img/pokedex/detail/975.png'),
(167, 976, 9, 'Délestin', 'https://assets.pokemon.com/assets/cms2/img/pokedex/detail/976.png'),
(168, 977, 9, 'Oyacata', 'https://assets.pokemon.com/assets/cms2/img/pokedex/detail/977.png'),
(169, 978, 9, 'Nigirigon', 'https://assets.pokemon.com/assets/cms2/img/pokedex/detail/978.png'),
(170, 979, 9, 'Courrousinge', 'https://assets.pokemon.com/assets/cms2/img/pokedex/detail/979.png'),
(171, 980, 9, 'Terraiste', 'https://assets.pokemon.com/assets/cms2/img/pokedex/detail/980.png'),
(172, 981, 9, 'Farigiraf', 'https://assets.pokemon.com/assets/cms2/img/pokedex/detail/981.png'),
(173, 982, 9, 'Deusolourdo', 'https://assets.pokemon.com/assets/cms2/img/pokedex/detail/982.png'),
(174, 983, 9, 'Scalpereur', 'https://assets.pokemon.com/assets/cms2/img/pokedex/detail/983.png'),
(175, 984, 9, 'Fort‑Ivoire', 'https://assets.pokemon.com/assets/cms2/img/pokedex/detail/984.png'),
(176, 985, 9, 'Hurle‑Queue', 'https://assets.pokemon.com/assets/cms2/img/pokedex/detail/985.png'),
(177, 986, 9, 'Fongus‑Furie', 'https://assets.pokemon.com/assets/cms2/img/pokedex/detail/986.png'),
(178, 987, 9, 'Flotte‑Mèche', 'https://assets.pokemon.com/assets/cms2/img/pokedex/detail/987.png'),
(179, 988, 9, 'Rampe‑Ailes', 'https://assets.pokemon.com/assets/cms2/img/pokedex/detail/988.png'),
(180, 989, 9, 'Pelage‑Sablé', 'https://assets.pokemon.com/assets/cms2/img/pokedex/detail/989.png'),
(181, 990, 9, 'Roue‑de‑Fer', 'https://assets.pokemon.com/assets/cms2/img/pokedex/detail/990.png'),
(182, 991, 9, 'Hotte‑de‑Fer', 'https://assets.pokemon.com/assets/cms2/img/pokedex/detail/991.png'),
(183, 992, 9, 'Paume‑de‑Fer', 'https://assets.pokemon.com/assets/cms2/img/pokedex/detail/992.png'),
(184, 993, 9, 'Têtes‑de‑Fer', 'https://assets.pokemon.com/assets/cms2/img/pokedex/detail/993.png'),
(185, 994, 9, 'Mite‑de‑Fer', 'https://assets.pokemon.com/assets/cms2/img/pokedex/detail/994.png'),
(186, 995, 9, 'Épine‑de‑Fer', 'https://assets.pokemon.com/assets/cms2/img/pokedex/detail/995.png'),
(187, 996, 9, 'Frigodo', 'https://assets.pokemon.com/assets/cms2/img/pokedex/detail/996.png'),
(188, 997, 9, 'Cryodo', 'https://assets.pokemon.com/assets/cms2/img/pokedex/detail/997.png'),
(189, 998, 9, 'Glaivodo', 'https://assets.pokemon.com/assets/cms2/img/pokedex/detail/998.png'),
(190, 999, 9, 'Morudor', 'https://assets.pokemon.com/assets/cms2/img/pokedex/detail/999.png'),
(191, 1000, 9, 'Gromago', 'https://assets.pokemon.com/assets/cms2/img/pokedex/detail/100.png'),
(192, 1001, 9, 'Chongjian', 'https://assets.pokemon.com/assets/cms2/img/pokedex/detail/100.png'),
(193, 1002, 9, 'Baojian', 'https://assets.pokemon.com/assets/cms2/img/pokedex/detail/100.png'),
(194, 1003, 9, 'Dinglu', 'https://assets.pokemon.com/assets/cms2/img/pokedex/detail/100.png'),
(195, 1004, 9, 'Yuyu', 'https://assets.pokemon.com/assets/cms2/img/pokedex/detail/100.png'),
(196, 1005, 9, 'Rugit‑Lune', 'https://assets.pokemon.com/assets/cms2/img/pokedex/detail/100.png'),
(197, 1006, 9, 'Garde‑de‑Fer', 'https://assets.pokemon.com/assets/cms2/img/pokedex/detail/100.png'),
(198, 1007, 9, 'Koraidon', 'https://assets.pokemon.com/assets/cms2/img/pokedex/detail/100.png'),
(199, 1008, 9, 'Miraidon', 'https://assets.pokemon.com/assets/cms2/img/pokedex/detail/100.png'),
(200, 1009, 9, 'Serpent‑Eau', 'https://assets.pokemon.com/assets/cms2/img/pokedex/detail/100.png'),
(201, 1010, 9, 'Vert‑de‑Fer', 'https://assets.pokemon.com/assets/cms2/img/pokedex/detail/101.png'),
(202, 1011, 9, 'Pomdramour', 'https://assets.pokemon.com/assets/cms2/img/pokedex/detail/101.png'),
(203, 1012, 9, 'Poltchageist', 'https://assets.pokemon.com/assets/cms2/img/pokedex/detail/101.png'),
(204, 1013, 9, 'Théffroyable', 'https://assets.pokemon.com/assets/cms2/img/pokedex/detail/101.png'),
(205, 1014, 9, 'Félicanis', 'https://assets.pokemon.com/assets/cms2/img/pokedex/detail/101.png'),
(206, 1015, 9, 'Fortusimia', 'https://assets.pokemon.com/assets/cms2/img/pokedex/detail/101.png'),
(207, 1016, 9, 'Favianos', 'https://assets.pokemon.com/assets/cms2/img/pokedex/detail/101.png'),
(208, 1017, 9, 'Ogerpon', 'https://assets.pokemon.com/assets/cms2/img/pokedex/detail/101.png'),
(209, 1018, 9, 'Pondralugon', 'https://assets.pokemon.com/assets/cms2/img/pokedex/detail/101.png'),
(210, 1019, 9, 'Pomdorochi', 'https://assets.pokemon.com/assets/cms2/img/pokedex/detail/101.png'),
(211, 1020, 9, 'Feu-Perçant', 'https://assets.pokemon.com/assets/cms2/img/pokedex/detail/102.png'),
(212, 1021, 9, 'Ire-Foudre', 'https://assets.pokemon.com/assets/cms2/img/pokedex/detail/102.png'),
(213, 1022, 9, 'Roc-de-Fer', 'https://assets.pokemon.com/assets/cms2/img/pokedex/detail/102.png'),
(214, 1023, 9, 'Chef-de-Fer', 'https://assets.pokemon.com/assets/cms2/img/pokedex/detail/102.png'),
(215, 1024, 9, 'Terapagos', 'https://assets.pokemon.com/assets/cms2/img/pokedex/detail/102.png'),
(216, 1025, 9, 'Pêchaminus', 'https://assets.pokemon.com/assets/cms2/img/pokedex/detail/102.png');

-- --------------------------------------------------------

--
-- Table structure for table `pokemon_type`
--

CREATE TABLE `pokemon_type` (
  `pokemon_id` int(11) NOT NULL,
  `type_id` int(11) NOT NULL
) ENGINE=InnoDB DEFAULT CHARSET=utf8mb4 COLLATE=utf8mb4_general_ci;

--
-- Dumping data for table `pokemon_type`
--

INSERT INTO `pokemon_type` (`pokemon_id`, `type_id`) VALUES
(1, 1),
(2, 1),
(3, 1),
(4, 2),
(5, 2),
(6, 2),
(7, 3),
(8, 3),
(9, 3),
(10, 4),
(11, 4),
(12, 5),
(13, 5),
(13, 6),
(14, 5),
(14, 6),
(15, 7),
(16, 7),
(16, 8),
(17, 7),
(17, 8),
(18, 9),
(19, 9),
(20, 1),
(21, 1),
(22, 4),
(23, 4),
(24, 3),
(25, 3),
(25, 10),
(26, 11),
(27, 11),
(28, 10),
(29, 2),
(29, 10),
(30, 2),
(30, 10),
(31, 1),
(31, 12),
(32, 1),
(32, 12),
(33, 1),
(33, 12),
(34, 13),
(35, 13),
(36, 3),
(36, 5),
(37, 3),
(38, 3),
(39, 11),
(39, 14),
(40, 11),
(40, 14),
(41, 2),
(41, 7),
(42, 2),
(42, 7),
(43, 15),
(44, 15),
(45, 16),
(46, 16),
(47, 8),
(48, 8),
(49, 8),
(49, 17),
(50, 9),
(50, 17),
(51, 9),
(51, 17),
(52, 9),
(52, 17),
(53, 4),
(53, 11),
(54, 6),
(55, 16),
(56, 15),
(57, 8),
(57, 18),
(58, 13),
(58, 16),
(59, 17),
(60, 17),
(61, 15),
(62, 11),
(63, 7),
(63, 18),
(64, 7),
(64, 18),
(65, 10),
(66, 18),
(67, 4),
(67, 8),
(68, 9),
(68, 11),
(69, 6),
(70, 6),
(71, 11),
(71, 12),
(72, 11),
(72, 18),
(73, 3),
(73, 12),
(74, 3),
(74, 18),
(75, 6),
(75, 12),
(76, 12),
(76, 16),
(77, 12),
(77, 16),
(78, 12),
(78, 16),
(79, 6),
(79, 17),
(80, 6),
(80, 15),
(81, 12),
(81, 14),
(82, 15),
(83, 9),
(83, 15),
(84, 1),
(84, 9),
(85, 11),
(86, 12),
(87, 18),
(88, 16),
(89, 1),
(89, 8),
(90, 4),
(90, 8),
(91, 7),
(91, 10),
(92, 4),
(92, 13),
(93, 3),
(93, 16),
(94, 14),
(94, 15),
(95, 9),
(95, 14),
(96, 5),
(96, 17),
(97, 1),
(98, 1),
(99, 1),
(99, 9),
(100, 2),
(101, 2),
(102, 2),
(102, 16),
(103, 3),
(104, 3),
(105, 3),
(105, 15),
(106, 4),
(107, 4),
(108, 7),
(109, 7),
(110, 7),
(111, 7),
(111, 9),
(112, 11),
(113, 11),
(113, 15),
(114, 11),
(114, 15),
(115, 4),
(116, 4),
(117, 17),
(118, 17),
(119, 1),
(119, 4),
(120, 1),
(120, 4),
(121, 1),
(121, 4),
(122, 4),
(122, 5),
(123, 10),
(124, 10),
(125, 10),
(126, 2),
(127, 2),
(127, 8),
(128, 2),
(128, 16),
(129, 11),
(130, 11),
(131, 5),
(131, 11),
(132, 5),
(132, 11),
(133, 9),
(134, 9),
(135, 4),
(135, 14),
(136, 4),
(136, 14),
(137, 1),
(137, 16),
(138, 1),
(138, 16),
(139, 1),
(139, 13),
(140, 1),
(140, 13),
(141, 10),
(142, 1),
(143, 1),
(143, 2),
(144, 7),
(145, 7),
(145, 8),
(146, 8),
(147, 8),
(148, 6),
(148, 17),
(149, 6),
(149, 17),
(150, 6),
(150, 17),
(151, 3),
(152, 3),
(153, 5),
(153, 9),
(154, 3),
(155, 3),
(156, 6),
(156, 14),
(157, 6),
(157, 14),
(158, 4),
(158, 12),
(159, 6),
(160, 10),
(160, 14),
(161, 10),
(161, 14),
(162, 16),
(163, 16),
(164, 5),
(164, 15),
(165, 18),
(166, 18),
(167, 3),
(167, 8),
(168, 3),
(169, 3),
(169, 12),
(170, 15),
(170, 16),
(171, 13),
(171, 14),
(172, 4),
(172, 8),
(173, 4),
(174, 6),
(174, 9),
(175, 13),
(175, 15),
(176, 8),
(176, 17),
(177, 1),
(177, 9),
(178, 16),
(178, 17),
(179, 7),
(179, 15),
(180, 11),
(180, 13),
(181, 6),
(181, 13),
(182, 3),
(182, 18),
(183, 11),
(183, 15),
(184, 5),
(184, 9),
(185, 2),
(185, 14),
(186, 10),
(186, 11),
(187, 12),
(187, 18),
(188, 12),
(188, 18),
(189, 12),
(189, 18),
(190, 16),
(191, 6),
(191, 16),
(192, 1),
(192, 9),
(193, 9),
(193, 18),
(194, 9),
(194, 13),
(195, 2),
(195, 9),
(196, 9),
(196, 12),
(197, 15),
(197, 17),
(198, 12),
(198, 15),
(199, 11),
(199, 12),
(200, 3),
(200, 12),
(201, 1),
(201, 8),
(202, 1),
(202, 12),
(203, 1),
(203, 16),
(204, 1),
(204, 16),
(205, 14),
(205, 15),
(206, 8),
(206, 14),
(207, 14),
(207, 17),
(208, 1),
(209, 6),
(209, 12),
(210, 1),
(210, 12),
(211, 2),
(211, 12),
(212, 11),
(212, 12),
(213, 8),
(213, 10),
(214, 6),
(214, 8),
(215, 4),
(216, 9),
(216, 16);

-- --------------------------------------------------------

--
-- Table structure for table `type`
--

CREATE TABLE `type` (
  `id` int(11) NOT NULL,
  `nom` varchar(20) NOT NULL,
  `icone_url` varchar(255) DEFAULT NULL
) ENGINE=InnoDB DEFAULT CHARSET=utf8mb4 COLLATE=utf8mb4_general_ci;

--
-- Dumping data for table `type`
--

INSERT INTO `type` (`id`, `nom`, `icone_url`) VALUES
(1, 'Plante', 'https://www.pokepedia.fr/images/thumb/d/d9/Miniature_Type_Plante_EV.png/80px-Miniature_Type_Plante_EV.png'),
(2, 'Feu', 'https://www.pokepedia.fr/images/thumb/c/c7/Miniature_Type_Feu_EV.png/80px-Miniature_Type_Feu_EV.png'),
(3, 'Eau', 'https://www.pokepedia.fr/images/thumb/3/3d/Miniature_Type_Eau_EV.png/80px-Miniature_Type_Eau_EV.png'),
(4, 'Normal', 'https://www.pokepedia.fr/images/thumb/b/bf/Miniature_Type_Normal_EV.png/80px-Miniature_Type_Normal_EV.png'),
(5, 'Vol', 'https://www.pokepedia.fr/images/thumb/9/99/Miniature_Type_Vol_EV.png/80px-Miniature_Type_Vol_EV.png'),
(6, 'Acier', 'https://www.pokepedia.fr/images/thumb/2/27/Miniature_Type_Acier_EV.png/80px-Miniature_Type_Acier_EV.png'),
(7, 'Insecte', 'https://www.pokepedia.fr/images/thumb/a/a9/Miniature_Type_Insecte_EV.png/80px-Miniature_Type_Insecte_EV.png'),
(8, 'Psy', 'https://www.pokepedia.fr/images/thumb/8/81/Miniature_Type_Psy_EV.png/80px-Miniature_Type_Psy_EV.png'),
(9, 'Ténèbres', 'https://www.pokepedia.fr/images/thumb/b/bc/Miniature_Type_T%C3%A9n%C3%A8bres_EV.png/80px-Miniature_Type_T%C3%A9n%C3%A8bres_EV.png'),
(10, 'Roche', 'https://www.pokepedia.fr/images/thumb/f/fe/Miniature_Type_Roche_EV.png/80px-Miniature_Type_Roche_EV.png'),
(11, 'Électrik', 'https://www.pokepedia.fr/images/thumb/6/6d/Miniature_Type_%C3%89lectrik_EV.png/80px-Miniature_Type_%C3%89lectrik_EV.png'),
(12, 'Dragon', 'https://www.pokepedia.fr/images/thumb/3/3d/Miniature_Type_Dragon_EV.png/80px-Miniature_Type_Dragon_EV.png'),
(13, 'Sol', 'https://www.pokepedia.fr/images/thumb/4/40/Miniature_Type_Sol_EV.png/80px-Miniature_Type_Sol_EV.png'),
(14, 'Poison', 'https://www.pokepedia.fr/images/thumb/1/1c/Miniature_Type_Poison_EV.png/80px-Miniature_Type_Poison_EV.png'),
(15, 'Combat', 'https://www.pokepedia.fr/images/thumb/9/96/Miniature_Type_Combat_EV.png/80px-Miniature_Type_Combat_EV.png'),
(16, 'Spectre', 'https://www.pokepedia.fr/images/thumb/4/43/Miniature_Type_Spectre_EV.png/80px-Miniature_Type_Spectre_EV.png'),
(17, 'Fée', 'https://www.pokepedia.fr/images/thumb/5/58/Miniature_Type_F%C3%A9e_EV.png/80px-Miniature_Type_F%C3%A9e_EV.png'),
(18, 'Glace', 'https://www.pokepedia.fr/images/thumb/e/e7/Miniature_Type_Glace_EV.png/80px-Miniature_Type_Glace_EV.png');

--
-- Indexes for dumped tables
--

--
-- Indexes for table `evolution`
--
ALTER TABLE `evolution`
  ADD PRIMARY KEY (`id`),
  ADD KEY `pokemon_debut_id` (`pokemon_debut_id`),
  ADD KEY `pokemon_fin_id` (`pokemon_fin_id`);

--
-- Indexes for table `pokemon`
--
ALTER TABLE `pokemon`
  ADD PRIMARY KEY (`id`),
  ADD UNIQUE KEY `numero_national` (`numero_national`);

--
-- Indexes for table `pokemon_type`
--
ALTER TABLE `pokemon_type`
  ADD PRIMARY KEY (`pokemon_id`,`type_id`),
  ADD KEY `type_id` (`type_id`);

--
-- Indexes for table `type`
--
ALTER TABLE `type`
  ADD PRIMARY KEY (`id`),
  ADD UNIQUE KEY `nom` (`nom`);

--
-- AUTO_INCREMENT for dumped tables
--

--
-- AUTO_INCREMENT for table `evolution`
--
ALTER TABLE `evolution`
  MODIFY `id` int(11) NOT NULL AUTO_INCREMENT, AUTO_INCREMENT=125;

--
-- AUTO_INCREMENT for table `pokemon`
--
ALTER TABLE `pokemon`
  MODIFY `id` int(11) NOT NULL AUTO_INCREMENT, AUTO_INCREMENT=217;

--
-- AUTO_INCREMENT for table `type`
--
ALTER TABLE `type`
  MODIFY `id` int(11) NOT NULL AUTO_INCREMENT, AUTO_INCREMENT=19;

--
-- Constraints for dumped tables
--

--
-- Constraints for table `evolution`
--
ALTER TABLE `evolution`
  ADD CONSTRAINT `FK_420C2893663A31C3` FOREIGN KEY (`pokemon_debut_id`) REFERENCES `pokemon` (`id`),
  ADD CONSTRAINT `FK_420C2893D55DB89E` FOREIGN KEY (`pokemon_fin_id`) REFERENCES `pokemon` (`id`);

--
-- Constraints for table `pokemon_type`
--
ALTER TABLE `pokemon_type`
  ADD CONSTRAINT `FK_B077296A2FE71C3E` FOREIGN KEY (`pokemon_id`) REFERENCES `pokemon` (`id`),
  ADD CONSTRAINT `FK_B077296AC54C8C93` FOREIGN KEY (`type_id`) REFERENCES `type` (`id`);
COMMIT;

/*!40101 SET CHARACTER_SET_CLIENT=@OLD_CHARACTER_SET_CLIENT */;
/*!40101 SET CHARACTER_SET_RESULTS=@OLD_CHARACTER_SET_RESULTS */;
/*!40101 SET COLLATION_CONNECTION=@OLD_COLLATION_CONNECTION */;
