-- Généré le : jeu. 24 juil. 2025 à 20:44
-- Version du serveur : 10.11.13-MariaDB
-- Version de PHP : 7.4.33

SET SQL_MODE = "NO_AUTO_VALUE_ON_ZERO";
START TRANSACTION;
SET time_zone = "+00:00";


/*!40101 SET @OLD_CHARACTER_SET_CLIENT=@@CHARACTER_SET_CLIENT */;
/*!40101 SET @OLD_CHARACTER_SET_RESULTS=@@CHARACTER_SET_RESULTS */;
/*!40101 SET @OLD_COLLATION_CONNECTION=@@COLLATION_CONNECTION */;
/*!40101 SET NAMES utf8mb4 */;

--
-- Base de données : `pokedex_db`
--

-- --------------------------------------------------------

--
-- Structure de la table `evolution`
--

CREATE TABLE `evolution` (
  `id` int(11) NOT NULL,
  `pokemon_debut_id` int(11) DEFAULT NULL,
  `pokemon_fin_id` int(11) DEFAULT NULL,
  `condition` varchar(100) DEFAULT NULL
) ENGINE=InnoDB DEFAULT CHARSET=utf8mb4 COLLATE=utf8mb4_general_ci;

--
-- Déchargement des données de la table `evolution`
--

INSERT INTO `evolution` (`id`, `pokemon_debut_id`, `pokemon_fin_id`, `condition`) VALUES
(1, 1, 2, 'Niveau 16'),
(2, 2, 3, 'Niveau 35'),
(3, 4, 5, 'Niveau 16'),
(7, 5, 6, 'Niveau 35'),
(8, 7, 8, 'Niveau 16'),
(9, 8, 9, 'Niveau 35'),
(10, 10, 11, 'Niveau 24'),
(11, 12, 13, 'Niveau 18'),
(12, 13, 14, 'Niveau 38'),
(13, 15, 16, 'Niveau 10'),
(14, 16, 17, 'Niveau 30'),
(15, 18, 19, 'Niveau 18'),
(16, 20, 21, 'Niveau 20'),
(17, 22, 23, 'Niveau 24'),
(18, 24, 25, 'Niveau 22'),
(19, 26, 27, 'Niveau 25'),
(20, 28, 29, 'Niveau 18'),
(21, 29, 30, 'Niveau 34'),
(22, 31, 32, 'Pomme Sucrée'),
(23, 31, 33, 'Pomme Acidulée'),
(24, 34, 35, 'Niveau 36'),
(25, 37, 38, 'Niveau 26'),
(26, 39, 40, 'Niveau 30'),
(27, 41, 42, 'Niveau 28'),
(28, 43, 44, 'Monter d\'un niveau en connaissant Provoc'),
(29, 45, 46, 'Théière fêlée ou craquelée'),
(30, 47, 48, 'Niveau 32'),
(31, 48, 49, 'Niveau 42'),
(32, 50, 51, 'Niveau 32'),
(33, 51, 52, 'Niveau 42'),
(34, 59, 60, 'Faire tenir un objet en sucre + tourner sur soi-même'),
(35, 63, 64, 'Bonheur + Monter de niveau la nuit'),
(36, 76, 77, 'Niveau 50'),
(37, 77, 78, 'Niveau 60'),
(40, 82, 83, 'Terminer l\'une des deux Tours des Deux Poings'),
(81, 69, 70, 'Niveau 34'),
(82, 97, 98, 'Niveau 16'),
(83, 98, 99, 'Niveau 36'),
(84, 100, 101, 'Niveau 16'),
(85, 101, 102, 'Niveau 36'),
(86, 103, 104, 'Niveau 16'),
(87, 104, 105, 'Niveau 36'),
(88, 106, 107, 'Niveau 18'),
(89, 108, 109, 'Niveau 15'),
(90, 110, 111, 'Niveau 24'),
(91, 112, 113, 'Niveau 18'),
(92, 113, 114, 'Marcher 1000 pas avec fonction \"En avant\" + Monter de niveau'),
(93, 115, 116, 'Niveau 25 en battant un Pokémon'),
(94, 117, 118, 'Niveau 26'),
(95, 119, 120, 'Niveau 25'),
(96, 120, 121, 'Niveau 35'),
(97, 123, 124, 'Niveau 24'),
(98, 124, 125, 'Niveau 38'),
(99, 126, 127, 'Utiliser une Armure de la Fortune'),
(100, 126, 128, 'Utiliser une Armure de la Rancune'),
(101, 129, 130, 'Pierre Foudre'),
(102, 131, 132, 'Niveau 25'),
(103, 133, 134, 'Niveau 30'),
(104, 135, 136, 'Niveau 28'),
(105, 137, 138, 'Marcher 1000 pas avec fonction \"En avant\" + Monter de niveau'),
(106, 139, 140, 'Niveau 30'),
(107, 142, 143, 'Pierre Feu'),
(108, 144, 145, 'Marcher 1000 pas dans une zone boueuse avec fonction \"En avant\" + Monter de niveau'),
(109, 146, 147, 'Niveau 35'),
(110, 148, 149, 'Niveau 24'),
(111, 149, 150, 'Niveau 38'),
(112, 151, 152, 'Niveau 26'),
(113, 154, 155, 'Niveau 38 en mode coop'),
(114, 156, 157, 'Niveau 40'),
(115, 160, 161, 'Niveau 35'),
(116, 162, 163, 'Niveau 30 (uniquement la nuit)'),
(117, 165, 166, 'Pierre Glace'),
(118, 187, 188, 'Niveau 35'),
(119, 188, 189, 'Niveau 54'),
(120, 190, 191, 'Obtenir 999 pièces de Mordudor'),
(121, 31, 202, 'Pomme Nectar'),
(122, 202, 210, 'Apprendre la capacité Cri Draconique + Monter de niveau'),
(123, 203, 204, 'Bol Médiocre ou Bol Exceptionnel'),
(124, 75, 209, 'Métal Composite'),
(125, 217, 218, 'Niveau 16'),
(126, 218, 219, 'Niveau 35'),
(127, 220, 221, 'Niveau 16'),
(128, 221, 222, 'Niveau 35'),
(129, 223, 224, 'Niveau 16'),
(130, 224, 225, 'Niveau 35'),
(131, 226, 227, 'Niveau 14'),
(132, 227, 228, 'Niveau 28'),
(133, 229, 230, 'Niveau 20 (en journée)'),
(134, 231, 232, 'Niveau 20'),
(135, 232, 233, 'Monter de niveau au grand Canyon de Poni'),
(136, 234, 235, 'Monter de niveau au sommet du Mont Lanakila'),
(137, 237, 238, 'Niveau 25'),
(138, 239, 240, 'Niveau 25 (le jour dans la version Soleil, la nuit dans la version Lune)'),
(139, 242, 243, 'Niveau 38'),
(140, 244, 245, 'Niveau 30'),
(141, 246, 247, 'Niveau 22'),
(142, 248, 249, 'Niveau 34 (en journée)'),
(143, 250, 251, 'Niveau 24'),
(144, 252, 253, 'Niveau 33 (femelle uniquement)'),
(145, 254, 255, 'Niveau 27'),
(146, 256, 257, 'Niveau 18'),
(147, 257, 258, 'Niveau 29 en apprenant la capacité \"Écrasement\"'),
(148, 262, 263, 'Niveau 30'),
(149, 264, 265, 'Niveau 42'),
(150, 267, 268, 'Monter d\'un niveau via le bonheur'),
(151, 277, 278, 'Niveau 35'),
(152, 278, 279, 'Niveau 45'),
(153, 284, 285, 'Niveau 43'),
(154, 285, 286, 'Niveau 53 (exclusif version Soleil)'),
(155, 285, 287, 'Niveau 53 (exclusif version Lune)'),
(156, 305, 306, 'Niveau 16'),
(157, 306, 307, 'Niveau 36'),
(158, 308, 309, 'Niveau 16'),
(159, 309, 310, 'Niveau 36'),
(160, 311, 312, 'Niveau 16'),
(161, 312, 313, 'Niveau 35'),
(162, 314, 315, 'Niveau 20'),
(163, 316, 317, 'Niveau 17'),
(164, 317, 318, 'Niveau 35'),
(165, 319, 320, 'Niveau 9'),
(166, 320, 321, 'Niveau 12'),
(167, 322, 323, 'Niveau 35'),
(168, 324, 325, 'Niveau 19'),
(169, 325, 326, 'Pierre Éclat'),
(170, 327, 328, 'Niveau 32'),
(171, 329, 330, 'Niveau 32 avec un Pokémon de type ténèbres dans l\'équipe'),
(172, 334, 335, 'Niveau 35'),
(173, 335, 336, 'Pierre Nuit'),
(174, 337, 338, 'Échange avec Sachet Senteur en objet tenu'),
(175, 339, 340, 'Échange avec Chantibonbon en objet tenu'),
(176, 341, 342, 'Niveau 30 avec la console ou les manettes retournées'),
(177, 343, 344, 'Niveau 39'),
(178, 345, 346, 'Niveau 48'),
(179, 347, 348, 'Niveau 37'),
(180, 349, 350, 'Pierre Soleil'),
(181, 351, 352, 'Niveau 39 (en journée)'),
(182, 353, 377, 'Niveau 39 (la nuit)'),
(183, 359, 360, 'Niveau 40'),
(184, 360, 361, 'Niveau 50 (Temps pluvieux)'),
(185, 363, 364, 'Échange'),
(186, 365, 366, 'Échange'),
(187, 367, 368, 'Niveau 37'),
(188, 369, 370, 'Niveau 48'),
(189, 332, 333, 'Niveau 25'),
(190, 379, 380, 'Niveau 17'),
(191, 380, 381, 'Niveau 36'),
(192, 382, 383, 'Niveau 17'),
(193, 383, 384, 'Niveau 36'),
(194, 385, 386, 'Niveau 17'),
(195, 386, 387, 'Niveau 36'),
(196, 388, 389, 'Niveau 20'),
(197, 390, 391, 'Niveau 20'),
(198, 391, 392, 'Niveau 32'),
(199, 393, 394, 'Niveau 20'),
(200, 395, 396, 'Pierre Plante'),
(201, 397, 398, 'Pierre Feu'),
(202, 399, 400, 'Pierre Eau'),
(203, 401, 402, 'Pierre Lune'),
(204, 403, 404, 'Niveau 21'),
(205, 404, 405, 'Niveau 32'),
(206, 406, 407, 'Niveau 27'),
(207, 408, 409, 'Niveau 25'),
(208, 409, 410, 'Échange'),
(209, 411, 412, 'Bonheur + Gain de niveau'),
(210, 413, 414, 'Niveau 31'),
(211, 416, 417, 'Niveau 25'),
(212, 417, 418, 'Échange'),
(213, 419, 420, 'Niveau 25'),
(214, 420, 421, 'Niveau 36'),
(215, 424, 425, 'Niveau 20'),
(216, 425, 426, 'Bonheur + Gain de niveau'),
(217, 427, 428, 'Niveau 22'),
(218, 428, 429, 'Niveau 30'),
(219, 430, 431, 'Pierre Soleil'),
(220, 432, 433, 'Pierre Soleil'),
(221, 435, 436, 'Niveau 29'),
(222, 436, 437, 'Niveau 40'),
(223, 441, 442, 'Niveau 34'),
(224, 443, 444, 'Niveau 39'),
(225, 446, 447, 'Niveau 34'),
(226, 448, 449, 'Niveau 37'),
(227, 450, 451, 'Niveau 37'),
(228, 452, 453, 'Niveau 36'),
(229, 454, 455, 'Niveau 30'),
(230, 456, 457, 'Pierre Éclat'),
(231, 458, 459, 'Niveau 32'),
(232, 459, 460, 'Niveau 41'),
(233, 461, 462, 'Niveau 32'),
(234, 462, 463, 'Niveau 41'),
(235, 464, 465, 'Niveau 35'),
(236, 466, 467, 'Niveau 35'),
(237, 467, 468, 'Niveau 47'),
(238, 469, 470, 'Niveau 34'),
(239, 472, 473, 'Échange avec Escargaume'),
(240, 474, 475, 'Niveau 39'),
(241, 476, 477, 'Niveau 40'),
(242, 479, 480, 'Niveau 36'),
(243, 481, 482, 'Niveau 40'),
(244, 483, 484, 'Niveau 38'),
(245, 484, 485, 'Niveau 49'),
(246, 486, 487, 'Niveau 39'),
(247, 487, 488, 'Pierre Foudre'),
(248, 489, 490, 'Niveau 42'),
(249, 491, 492, 'Niveau 41'),
(250, 492, 493, 'Pierre Nuit'),
(251, 494, 495, 'Niveau 38'),
(252, 495, 496, 'Niveau 48'),
(253, 497, 498, 'Niveau 37'),
(254, 500, 501, 'Échange avec Carabing'),
(255, 503, 504, 'Niveau 50'),
(256, 506, 507, 'Niveau 43'),
(257, 508, 509, 'Niveau 52'),
(258, 511, 512, 'Niveau 54'),
(259, 513, 514, 'Niveau 54'),
(260, 517, 518, 'Niveau 50'),
(261, 518, 519, 'Niveau 64'),
(262, 520, 521, 'Niveau 59'),
(263, 434, 93, 'Perdre 294 PV par contrecoup sans tomber K.O. + Gain de niveau'),
(264, 446, 58, 'Perdre 49 PV sans tomber K.O. + marcher sous la grande arche de pierres de la Fosse des Sables'),
(265, 509, 174, 'Vaincre 3 Scalproie tenant un Emblème du Général + Gain de niveau'),
(266, 438, 439, 'Niveau 35'),
(267, 534, 535, 'Niveau 18'),
(268, 535, 536, 'Niveau 32'),
(269, 537, 538, 'Niveau 14'),
(270, 538, 539, 'Niveau 36'),
(271, 540, 541, 'Niveau 16'),
(272, 541, 542, 'Niveau 36'),
(273, 543, 544, 'Niveau 14'),
(274, 544, 545, 'Niveau 34'),
(275, 546, 547, 'Niveau 15'),
(276, 548, 549, 'Niveau 10'),
(277, 550, 551, 'Niveau 15'),
(278, 551, 552, 'Niveau 30'),
(279, 555, 556, 'Niveau 30'),
(280, 557, 558, 'Niveau 30'),
(281, 559, 560, 'Niveau 20 (Femelle uniquement)'),
(282, 559, 561, 'Niveau 20 (Mâle uniquement)'),
(283, 562, 563, 'Niveau 21 (Femelle uniquement)'),
(284, 565, 566, 'Niveau 26'),
(285, 567, 568, 'Niveau 25'),
(286, 569, 570, 'Niveau 30'),
(287, 572, 573, 'Niveau 28'),
(288, 574, 575, 'Bonheur + Gain de niveau'),
(289, 578, 579, 'Niveau 38'),
(290, 581, 582, 'Niveau 34'),
(291, 583, 584, 'Niveau 33'),
(292, 590, 591, 'Niveau 24'),
(293, 591, 592, 'Niveau 48'),
(294, 594, 595, 'Bonheur + Gain de niveau en journée'),
(295, 596, 597, 'Niveau 34'),
(296, 598, 599, 'Niveau 40'),
(297, 600, 601, 'Niveau 37'),
(298, 603, 604, 'Niveau 31'),
(300, 606, 607, 'Niveau 40'),
(301, 641, 642, 'Niveau 16'),
(302, 642, 643, 'Niveau 36'),
(303, 644, 645, 'Niveau 16'),
(304, 645, 646, 'Niveau 36'),
(305, 647, 648, 'Niveau 16'),
(306, 648, 649, 'Niveau 36'),
(307, 650, 651, 'Niveau 18'),
(308, 652, 653, 'Niveau 20'),
(309, 653, 53, 'Niveau 35 (La nuit)'),
(310, 654, 655, 'Niveau 7 (Selon les stats)'),
(311, 655, 656, 'Niveau 10'),
(312, 654, 657, 'Niveau 7 (Selon les stats)'),
(313, 657, 658, 'Niveau 10'),
(314, 659, 660, 'Niveau 14'),
(315, 660, 661, 'Pierre Eau'),
(316, 662, 663, 'Niveau 14'),
(317, 663, 664, 'Pierre Plante'),
(318, 665, 666, 'Niveau 22'),
(319, 667, 668, 'Niveau 25'),
(320, 669, 670, 'Niveau 20'),
(321, 670, 671, 'Niveau 30'),
(322, 670, 622, 'Pierre Aube (Mâle uniquement)'),
(323, 672, 673, 'Niveau 22'),
(324, 674, 675, 'Niveau 23'),
(325, 676, 677, 'Niveau 18'),
(326, 677, 678, 'Niveau 36'),
(327, 679, 680, 'Niveau 20'),
(328, 679, 681, 'Niveau 20 avec emplacement libre dans l\'équipe'),
(329, 682, 683, 'Niveau 20'),
(330, 683, 684, 'Niveau 40'),
(331, 685, 686, 'Niveau 24'),
(332, 775, 776, 'Pierre Lune'),
(333, 779, 780, 'Niveau 32'),
(334, 780, 781, 'Niveau 42'),
(335, 782, 783, 'Niveau 37'),
(336, 784, 785, 'Niveau 26'),
(337, 791, 792, 'Niveau 26'),
(338, 793, 794, 'Niveau 30'),
(339, 795, 796, 'Niveau 40'),
(340, 797, 798, 'Niveau 33'),
(341, 800, 801, 'Niveau 32'),
(342, 803, 804, 'Niveau 35'),
(343, 804, 805, 'Niveau 45'),
(344, 806, 807, 'Niveau 32'),
(345, 808, 809, 'Niveau 35'),
(346, 814, 815, 'Niveau 30'),
(347, 816, 817, 'Niveau 30'),
(348, 818, 819, 'Niveau 36'),
(349, 820, 821, 'Niveau 40'),
(350, 822, 823, 'Niveau 40'),
(351, 824, 825, 'Stat beauté >= 170 + Gain de niveau OU Échange avec Bel\'Écaille (à partir des versions Noir et Blanc'),
(352, 828, 829, 'Niveau 37'),
(353, 830, 831, 'Niveau 37'),
(354, 836, 837, 'Niveau 42'),
(355, 838, 839, 'Niveau 32'),
(356, 839, 840, 'Niveau 44'),
(357, 841, 842, 'Échange avec Dent Océan'),
(358, 841, 843, 'Échange avec Écaille Océan'),
(359, 846, 847, 'Niveau 30'),
(360, 847, 848, 'Niveau 50'),
(361, 849, 850, 'Niveau 20'),
(362, 850, 851, 'Niveau 45'),
(364, 688, 623, 'Monter de niveau en tenant un Aimant'),
(365, 831, 624, 'Échange avec Tissu Fauche'),
(366, 836, 625, 'Niveau 42 (Femelle uniquement)'),
(367, 553, 790, 'Bonheur + Gain de niveau en journée'),
(368, 790, 554, 'Pierre Éclat'),
(369, 580, 833, 'Bonheur + Gain de niveau la nuit'),
(370, 962, 963, 'Niveau 16'),
(371, 963, 964, 'Niveau 32'),
(372, 965, 966, 'Niveau 16'),
(373, 966, 967, 'Niveau 36'),
(374, 968, 969, 'Niveau 16'),
(375, 969, 970, 'Niveau 36'),
(376, 971, 972, 'Niveau 7'),
(377, 972, 973, 'Niveau 10'),
(378, 974, 975, 'Niveau 7'),
(379, 975, 976, 'Niveau 10'),
(380, 977, 978, 'Niveau 18'),
(381, 978, 979, 'Niveau 36'),
(382, 980, 981, 'Niveau 20'),
(383, 982, 983, 'Niveau 20'),
(384, 984, 985, 'Niveau 22'),
(385, 986, 987, 'Pierre Foudre'),
(386, 988, 989, 'Niveau 22'),
(387, 990, 991, 'Niveau 16'),
(388, 991, 992, 'Pierre Lune'),
(389, 993, 995, 'Niveau 16'),
(393, 998, 999, 'Pierre Feu'),
(395, 1002, 1003, 'Niveau 22'),
(396, 1003, 879, 'Bonheur + Gain de niveau'),
(397, 1004, 1005, 'Niveau 21'),
(398, 1005, 1006, 'Pierre Plante'),
(400, 1007, 1008, 'Niveau 24'),
(401, 1009, 1010, 'Niveau 31'),
(402, 1011, 1012, 'Niveau 26'),
(403, 1013, 1014, 'Niveau 28'),
(404, 1013, 54, 'Niveau 28 (Forme de Galar)'),
(405, 1015, 1016, 'Niveau 33'),
(406, 1017, 1018, 'Niveau 28'),
(407, 1018, 170, 'Utiliser 20 fois la capacité Poing de Colère + Gain de niveau'),
(408, 1019, 1020, 'Pierre Feu'),
(409, 1021, 1022, 'Niveau 25'),
(410, 1022, 1023, 'Pierre Eau'),
(411, 1022, 896, 'Échange en tenant une Roche Royale'),
(412, 1024, 1025, 'Niveau 16'),
(413, 1025, 1026, 'Échange'),
(414, 1027, 1028, 'Niveau 28'),
(415, 1028, 1029, 'Échange'),
(416, 1030, 1031, 'Niveau 21'),
(417, 1031, 1032, 'Pierre Plante'),
(418, 1033, 1034, 'Niveau 30'),
(419, 1035, 1036, 'Niveau 25'),
(420, 1036, 1037, 'Échange'),
(421, 1038, 1039, 'Niveau 40'),
(422, 1040, 1041, 'Niveau 37'),
(423, 1040, 909, 'Échange en tenant une Roche Royale'),
(424, 1042, 1043, 'Niveau 30'),
(425, 1043, 609, 'Pierre Foudre'),
(426, 1044, 56, 'Infliger 3 coups critiques dans un même combat (Forme de Galar uniquement)'),
(427, 1045, 1046, 'Niveau 31'),
(428, 1047, 1048, 'Niveau 34'),
(429, 1049, 1050, 'Niveau 38'),
(430, 1051, 1052, 'Pierre Eau'),
(431, 1053, 1054, 'Niveau 25'),
(432, 1054, 1055, 'Échange'),
(433, 1056, 918, 'Échange en tenant une Peau Métal'),
(434, 1057, 1058, 'Niveau 26'),
(435, 1059, 1060, 'Niveau 28'),
(436, 1061, 1062, 'Niveau 30'),
(437, 1063, 1064, 'Pierre Plante'),
(438, 1065, 1066, 'Niveau 28'),
(439, 946, 1067, 'Niveau 20 (Stat Attaque > Défense)'),
(440, 946, 1068, 'Niveau 20 (Stat Attaque < Défense)'),
(441, 946, 947, 'Niveau 20 (Stat Attaque = Défense)'),
(443, 1070, 1071, 'Niveau 35'),
(444, 1072, 1073, 'Niveau 42'),
(445, 1073, 611, 'Échange en tenant un Protecteur'),
(446, 587, 1074, 'Gain de niveau (de jour) en tenant une Pierre Ovale'),
(447, 1075, 612, 'Gain de niveau en connaissant la capacité Pouvoir Antique'),
(448, 1077, 1078, 'Niveau 32'),
(449, 1079, 1080, 'Niveau 33'),
(450, 1081, 1082, 'Pierre Eau'),
(451, 586, 1083, 'Gain de niveau en connaissant Copie'),
(452, 1083, 57, 'Niveau 42 (Forme de Galar uniquement)'),
(454, 1084, 91, 'Utiliser Obsidienne'),
(455, 948, 1085, 'Niveau 30'),
(456, 949, 1086, 'Niveau 30'),
(457, 1086, 613, 'Échange en tenant un Électriseur'),
(458, 950, 1087, 'Niveau 30'),
(459, 1087, 614, 'Échange en tenant un Magmariseur'),
(460, 1090, 1091, 'Niveau 20'),
(461, 1094, 1095, 'Pierre Eau'),
(462, 1094, 1096, 'Pierre Foudre'),
(463, 1094, 1097, 'Pierre Feu'),
(464, 1094, 906, 'Bonheur + gain de niveau (le jour)'),
(465, 1094, 907, 'Bonheur + gain de niveau (la nuit)'),
(466, 1094, 617, 'Pierre Plante'),
(467, 1094, 618, 'Pierre Glace'),
(468, 1094, 355, 'Bonheur + Gain de niveau en connaissant une capacité de type Fée'),
(469, 1099, 1100, 'Niveau 40'),
(470, 1101, 1102, 'Niveau 40'),
(471, 593, 1104, 'Bonheur + Gain de niveau'),
(472, 1108, 1109, 'Niveau 30'),
(473, 1109, 1110, 'Niveau 55'),
(474, 862, 863, 'Niveau 16'),
(475, 863, 864, 'Niveau 32'),
(476, 865, 866, 'Niveau 14'),
(477, 866, 867, 'Niveau 36'),
(478, 868, 869, 'Niveau 18'),
(479, 869, 870, 'Niveau 30'),
(480, 871, 872, 'Niveau 15'),
(481, 873, 874, 'Niveau 20'),
(482, 875, 876, 'Niveau 18'),
(483, 877, 878, 'Niveau 22'),
(484, 880, 881, 'Niveau 27'),
(485, 885, 886, 'Bonheur + Gain de niveau'),
(486, 886, 615, 'Pierre Éclat'),
(487, 887, 888, 'Niveau 25'),
(488, 889, 890, 'Niveau 15'),
(489, 890, 891, 'Niveau 30'),
(491, 893, 894, 'Niveau 18'),
(492, 687, 893, 'Bonheur + Gain de niveau'),
(493, 897, 898, 'Niveau 18'),
(494, 898, 899, 'Niveau 27'),
(495, 900, 571, 'Gain de niveau en connaissant la capacité Coup Double'),
(496, 901, 902, 'Pierre Soleil'),
(497, 903, 616, 'Gain de niveau en connaissant la capacité Pouvoir Antique'),
(498, 904, 905, 'Niveau 20'),
(499, 908, 577, 'Pierre Nuit'),
(500, 910, 576, 'Pierre Nuit'),
(501, 835, 912, 'Niveau 15'),
(502, 913, 172, 'Gain de niveau en connaissant la capacité Double Laser'),
(503, 914, 915, 'Niveau 31'),
(504, 916, 173, 'Gain de niveau en connaissant la capacité Hyperceuse'),
(505, 919, 920, 'Niveau 23'),
(507, 926, 927, 'Niveau 30'),
(508, 928, 929, 'Niveau 38'),
(509, 930, 931, 'Niveau 33'),
(510, 933, 934, 'Niveau 25'),
(511, 938, 939, 'Niveau 24'),
(512, 1078, 940, 'Échange avec Écaille Draco'),
(513, 941, 942, 'Niveau 25'),
(514, 1098, 943, 'Échange avec Améliorator'),
(515, 956, 957, 'Niveau 30'),
(516, 957, 958, 'Niveau 55'),
(517, 882, 986, 'Bonheur + Gain de niveau'),
(518, 883, 996, 'Bonheur + Gain de niveau'),
(519, 884, 1000, 'Bonheur + Gain de niveau'),
(521, 917, 619, 'Monter de Niveau + Tenir un Croc Rasoir (la nuit)'),
(523, 931, 620, 'Monter de Niveau + Connaitre la capacité Pouvoir Antique'),
(524, 943, 621, 'Échange avec CD Douteux'),
(525, 925, 608, 'Monter de Niveau + Tenir une Griffe Rasoir (la nuit)'),
(526, 585, 895, 'Monter de Niveau + Connaitre la capacité Imitation'),
(527, 605, 936, 'Monter de Niveau + Avec Rémoraid dans l\'équipe'),
(528, 994, 995, 'Pierre Lune'),
(529, 1074, 952, 'Bonheur + Gain de niveau'),
(530, 1000, 1001, 'Pierre Lune'),
(531, 1069, 610, 'Gain de niveau en connaissant la capacité Roulade'),
(532, 996, 997, 'Pierre Lune'),
(533, 1005, 892, 'Pierre Soleil'),
(534, 921, 95, 'Gain de niveau en connaissant la capacité Multitoxik'),
(535, 932, 55, 'Niveau 38 (Forme de Galar uniquement)'),
(536, 944, 90, 'Utiliser 20 fois la capacité Sprint Bouclier');

-- --------------------------------------------------------

--
-- Structure de la table `pokemon`
--

CREATE TABLE `pokemon` (
  `id` int(11) NOT NULL,
  `numero_national` int(11) NOT NULL,
  `generation` int(11) NOT NULL,
  `nom` varchar(50) NOT NULL,
  `image_url` varchar(255) DEFAULT NULL
) ENGINE=InnoDB DEFAULT CHARSET=utf8mb4 COLLATE=utf8mb4_general_ci;

--
-- Déchargement des données de la table `pokemon`
--

INSERT INTO `pokemon` (`id`, `numero_national`, `generation`, `nom`, `image_url`) VALUES
(1, 810, 8, 'Ouistempo', 'https://assets.pokemon.com/assets/cms2/img/pokedex/detail/810.png'),
(2, 811, 8, 'Badabouin', 'https://assets.pokemon.com/assets/cms2/img/pokedex/detail/811.png'),
(3, 812, 8, 'Gorythmic', 'https://assets.pokemon.com/assets/cms2/img/pokedex/detail/812.png'),
(4, 813, 8, 'Flambino', 'https://assets.pokemon.com/assets/cms2/img/pokedex/detail/813.png'),
(5, 814, 8, 'Lapyro', 'https://assets.pokemon.com/assets/cms2/img/pokedex/detail/814.png'),
(6, 815, 8, 'Pyrobut', 'https://assets.pokemon.com/assets/cms2/img/pokedex/detail/815.png'),
(7, 816, 8, 'Larméléon', 'https://assets.pokemon.com/assets/cms2/img/pokedex/detail/816.png'),
(8, 817, 8, 'Arrozard', 'https://assets.pokemon.com/assets/cms2/img/pokedex/detail/817.png'),
(9, 818, 8, 'Lézargus', 'https://assets.pokemon.com/assets/cms2/img/pokedex/detail/818.png'),
(10, 819, 8, 'Rongourmand', 'https://assets.pokemon.com/assets/cms2/img/pokedex/detail/819.png'),
(11, 820, 8, 'Rongrigou', 'https://assets.pokemon.com/assets/cms2/img/pokedex/detail/820.png'),
(12, 821, 8, 'Minisange', 'https://assets.pokemon.com/assets/cms2/img/pokedex/detail/821.png'),
(13, 822, 8, 'Bleuseille', 'https://assets.pokemon.com/assets/cms2/img/pokedex/detail/822.png'),
(14, 823, 8, 'Corvaillus', 'https://assets.pokemon.com/assets/cms2/img/pokedex/detail/823.png'),
(15, 824, 8, 'Larvadar', 'https://assets.pokemon.com/assets/cms2/img/pokedex/detail/824.png'),
(16, 825, 8, 'Coléodôme', 'https://assets.pokemon.com/assets/cms2/img/pokedex/detail/825.png'),
(17, 826, 8, 'Astronelle', 'https://assets.pokemon.com/assets/cms2/img/pokedex/detail/826.png'),
(18, 827, 8, 'Goupilou', 'https://assets.pokemon.com/assets/cms2/img/pokedex/detail/827.png'),
(19, 828, 8, 'Roublenard', 'https://assets.pokemon.com/assets/cms2/img/pokedex/detail/828.png'),
(20, 829, 8, 'Tournicoton', 'https://assets.pokemon.com/assets/cms2/img/pokedex/detail/829.png'),
(21, 830, 8, 'Blancoton', 'https://assets.pokemon.com/assets/cms2/img/pokedex/detail/830.png'),
(22, 831, 8, 'Moumouton', 'https://assets.pokemon.com/assets/cms2/img/pokedex/detail/831.png'),
(23, 832, 8, 'Moumouflon', 'https://assets.pokemon.com/assets/cms2/img/pokedex/detail/832.png'),
(24, 833, 8, 'Khélocrok', 'https://assets.pokemon.com/assets/cms2/img/pokedex/detail/833.png'),
(25, 834, 8, 'Torgamord', 'https://assets.pokemon.com/assets/cms2/img/pokedex/detail/834.png'),
(26, 835, 8, 'Voltoutou', 'https://assets.pokemon.com/assets/cms2/img/pokedex/detail/835.png'),
(27, 836, 8, 'Fulgudog', 'https://assets.pokemon.com/assets/cms2/img/pokedex/detail/836.png'),
(28, 837, 8, 'Charbi', 'https://assets.pokemon.com/assets/cms2/img/pokedex/detail/837.png'),
(29, 838, 8, 'Wagomine', 'https://assets.pokemon.com/assets/cms2/img/pokedex/detail/838.png'),
(30, 839, 8, 'Monthracite', 'https://assets.pokemon.com/assets/cms2/img/pokedex/detail/839.png'),
(31, 840, 8, 'Verpom', 'https://assets.pokemon.com/assets/cms2/img/pokedex/detail/840.png'),
(32, 841, 8, 'Pomdrapi', 'https://assets.pokemon.com/assets/cms2/img/pokedex/detail/841.png'),
(33, 842, 8, 'Dratatin', 'https://assets.pokemon.com/assets/cms2/img/pokedex/detail/842.png'),
(34, 843, 8, 'Dunaja', 'https://assets.pokemon.com/assets/cms2/img/pokedex/detail/843.png'),
(35, 844, 8, 'Dunaconda', 'https://assets.pokemon.com/assets/cms2/img/pokedex/detail/844.png'),
(36, 845, 8, 'Nigosier', 'https://assets.pokemon.com/assets/cms2/img/pokedex/detail/845.png'),
(37, 846, 8, 'Embrochet', 'https://assets.pokemon.com/assets/cms2/img/pokedex/detail/846.png'),
(38, 847, 8, 'Hastacuda', 'https://assets.pokemon.com/assets/cms2/img/pokedex/detail/847.png'),
(39, 848, 8, 'Toxizap', 'https://assets.pokemon.com/assets/cms2/img/pokedex/detail/848.png'),
(40, 849, 8, 'Salarsen', 'https://assets.pokemon.com/assets/cms2/img/pokedex/detail/849.png'),
(41, 850, 8, 'Grillepattes', 'https://assets.pokemon.com/assets/cms2/img/pokedex/detail/850.png'),
(42, 851, 8, 'Scolocendre', 'https://assets.pokemon.com/assets/cms2/img/pokedex/detail/851.png'),
(43, 852, 8, 'Poulpaf', 'https://assets.pokemon.com/assets/cms2/img/pokedex/detail/852.png'),
(44, 853, 8, 'Krakos', 'https://assets.pokemon.com/assets/cms2/img/pokedex/detail/853.png'),
(45, 854, 8, 'Théffroi', 'https://assets.pokemon.com/assets/cms2/img/pokedex/detail/854.png'),
(46, 855, 8, 'Polthégeist', 'https://assets.pokemon.com/assets/cms2/img/pokedex/detail/855.png'),
(47, 856, 8, 'Bibichut', 'https://assets.pokemon.com/assets/cms2/img/pokedex/detail/856.png'),
(48, 857, 8, 'Chapotus', 'https://assets.pokemon.com/assets/cms2/img/pokedex/detail/857.png'),
(49, 858, 8, 'Sorcilence', 'https://assets.pokemon.com/assets/cms2/img/pokedex/detail/858.png'),
(50, 859, 8, 'Grimalin', 'https://assets.pokemon.com/assets/cms2/img/pokedex/detail/859.png'),
(51, 860, 8, 'Fourbelin', 'https://assets.pokemon.com/assets/cms2/img/pokedex/detail/860.png'),
(52, 861, 8, 'Angoliath', 'https://assets.pokemon.com/assets/cms2/img/pokedex/detail/861.png'),
(53, 862, 8, 'Ixon', 'https://assets.pokemon.com/assets/cms2/img/pokedex/detail/862.png'),
(54, 863, 8, 'Berserkatt', 'https://assets.pokemon.com/assets/cms2/img/pokedex/detail/863.png'),
(55, 864, 8, 'Corayôme', 'https://assets.pokemon.com/assets/cms2/img/pokedex/detail/864.png'),
(56, 865, 8, 'Palarticho', 'https://assets.pokemon.com/assets/cms2/img/pokedex/detail/865.png'),
(57, 866, 8, 'M. Glaquette', 'https://assets.pokemon.com/assets/cms2/img/pokedex/detail/866.png'),
(58, 867, 8, 'Tutétékri', 'https://assets.pokemon.com/assets/cms2/img/pokedex/detail/867.png'),
(59, 868, 8, 'Crèmy', 'https://assets.pokemon.com/assets/cms2/img/pokedex/detail/868.png'),
(60, 869, 8, 'Charmilly', 'https://assets.pokemon.com/assets/cms2/img/pokedex/detail/869.png'),
(61, 870, 8, 'Hexadron', 'https://assets.pokemon.com/assets/cms2/img/pokedex/detail/870.png'),
(62, 871, 8, 'Wattapik', 'https://assets.pokemon.com/assets/cms2/img/pokedex/detail/871.png'),
(63, 872, 8, 'Frissonille', 'https://assets.pokemon.com/assets/cms2/img/pokedex/detail/872.png'),
(64, 873, 8, 'Beldeneige', 'https://assets.pokemon.com/assets/cms2/img/pokedex/detail/873.png'),
(65, 874, 8, 'Dolman', 'https://assets.pokemon.com/assets/cms2/img/pokedex/detail/874.png'),
(66, 875, 8, 'Bekaglaçon', 'https://assets.pokemon.com/assets/cms2/img/pokedex/detail/875.png'),
(67, 876, 8, 'Wimessir', 'https://assets.pokemon.com/assets/cms2/img/pokedex/detail/876.png'),
(68, 877, 8, 'Morpeko', 'https://assets.pokemon.com/assets/cms2/img/pokedex/detail/877.png'),
(69, 878, 8, 'Charibari', 'https://assets.pokemon.com/assets/cms2/img/pokedex/detail/878.png'),
(70, 879, 8, 'Pachyradjah', 'https://assets.pokemon.com/assets/cms2/img/pokedex/detail/879.png'),
(71, 880, 8, 'Galvagon', 'https://assets.pokemon.com/assets/cms2/img/pokedex/detail/880.png'),
(72, 881, 8, 'Galvagla', 'https://assets.pokemon.com/assets/cms2/img/pokedex/detail/881.png'),
(73, 882, 8, 'Hydragon', 'https://assets.pokemon.com/assets/cms2/img/pokedex/detail/882.png'),
(74, 883, 8, 'Hydragla', 'https://assets.pokemon.com/assets/cms2/img/pokedex/detail/883.png'),
(75, 884, 8, 'Duralugon', 'https://assets.pokemon.com/assets/cms2/img/pokedex/detail/884.png'),
(76, 885, 8, 'Fantyrm', 'https://assets.pokemon.com/assets/cms2/img/pokedex/detail/885.png'),
(77, 886, 8, 'Dispareptil', 'https://assets.pokemon.com/assets/cms2/img/pokedex/detail/886.png'),
(78, 887, 8, 'Lanssorien', 'https://assets.pokemon.com/assets/cms2/img/pokedex/detail/887.png'),
(79, 888, 8, 'Zacian', 'https://assets.pokemon.com/assets/cms2/img/pokedex/detail/888.png'),
(80, 889, 8, 'Zamazenta', 'https://assets.pokemon.com/assets/cms2/img/pokedex/detail/889.png'),
(81, 890, 8, 'Éthernatos', 'https://assets.pokemon.com/assets/cms2/img/pokedex/detail/890.png'),
(82, 891, 8, 'Wushours', 'https://assets.pokemon.com/assets/cms2/img/pokedex/detail/891.png'),
(83, 892, 8, 'Shifours', 'https://assets.pokemon.com/assets/cms2/img/pokedex/detail/892.png'),
(84, 893, 8, 'Zarude', 'https://assets.pokemon.com/assets/cms2/img/pokedex/detail/893.png'),
(85, 894, 8, 'Regieleki', 'https://assets.pokemon.com/assets/cms2/img/pokedex/detail/894.png'),
(86, 895, 8, 'Regidrago', 'https://assets.pokemon.com/assets/cms2/img/pokedex/detail/895.png'),
(87, 896, 8, 'Blizzeval', 'https://assets.pokemon.com/assets/cms2/img/pokedex/detail/896.png'),
(88, 897, 8, 'Spectreval', 'https://assets.pokemon.com/assets/cms2/img/pokedex/detail/897.png'),
(89, 898, 8, 'Sylveroy', 'https://assets.pokemon.com/assets/cms2/img/pokedex/detail/898.png'),
(90, 899, 8, 'Cerbyllin', 'https://assets.pokemon.com/assets/cms2/img/pokedex/detail/899.png'),
(91, 900, 8, 'Hachécateur', 'https://assets.pokemon.com/assets/cms2/img/pokedex/detail/900.png'),
(92, 901, 8, 'Ursaking', 'https://assets.pokemon.com/assets/cms2/img/pokedex/detail/901.png'),
(93, 902, 8, 'Paragruel', 'https://assets.pokemon.com/assets/cms2/img/pokedex/detail/902.png'),
(94, 903, 8, 'Farfurex', 'https://assets.pokemon.com/assets/cms2/img/pokedex/detail/903.png'),
(95, 904, 8, 'Qwilpik', 'https://assets.pokemon.com/assets/cms2/img/pokedex/detail/904.png'),
(96, 905, 8, 'Amovénus', 'https://assets.pokemon.com/assets/cms2/img/pokedex/detail/905.png'),
(97, 906, 9, 'Poussacha', 'https://assets.pokemon.com/assets/cms2/img/pokedex/detail/906.png'),
(98, 907, 9, 'Matourgeon', 'https://assets.pokemon.com/assets/cms2/img/pokedex/detail/907.png'),
(99, 908, 9, 'Miascarade', 'https://assets.pokemon.com/assets/cms2/img/pokedex/detail/908.png'),
(100, 909, 9, 'Chochodile', 'https://assets.pokemon.com/assets/cms2/img/pokedex/detail/909.png'),
(101, 910, 9, 'Crocogril', 'https://assets.pokemon.com/assets/cms2/img/pokedex/detail/910.png'),
(102, 911, 9, 'Flâmigator', 'https://assets.pokemon.com/assets/cms2/img/pokedex/detail/911.png'),
(103, 912, 9, 'Coiffeton', 'https://assets.pokemon.com/assets/cms2/img/pokedex/detail/912.png'),
(104, 913, 9, 'Canarbello', 'https://assets.pokemon.com/assets/cms2/img/pokedex/detail/913.png'),
(105, 914, 9, 'Palmaval', 'https://assets.pokemon.com/assets/cms2/img/pokedex/detail/914.png'),
(106, 915, 9, 'Gourmelet', 'https://assets.pokemon.com/assets/cms2/img/pokedex/detail/915.png'),
(107, 916, 9, 'Fragroin', 'https://assets.pokemon.com/assets/cms2/img/pokedex/detail/916.png'),
(108, 917, 9, 'Tissenboule', 'https://assets.pokemon.com/assets/cms2/img/pokedex/detail/917.png'),
(109, 918, 9, 'Filentrappe', 'https://assets.pokemon.com/assets/cms2/img/pokedex/detail/918.png'),
(110, 919, 9, 'Lilliterelle', 'https://assets.pokemon.com/assets/cms2/img/pokedex/detail/919.png'),
(111, 920, 9, 'Gambex', 'https://assets.pokemon.com/assets/cms2/img/pokedex/detail/920.png'),
(112, 921, 9, 'Pohm', 'https://assets.pokemon.com/assets/cms2/img/pokedex/detail/921.png'),
(113, 922, 9, 'Pohmotte', 'https://assets.pokemon.com/assets/cms2/img/pokedex/detail/922.png'),
(114, 923, 9, 'Pohmarmotte', 'https://assets.pokemon.com/assets/cms2/img/pokedex/detail/923.png'),
(115, 924, 9, 'Compagnol', 'https://assets.pokemon.com/assets/cms2/img/pokedex/detail/924.png'),
(116, 925, 9, 'Famignol', 'https://assets.pokemon.com/assets/cms2/img/pokedex/detail/925.png'),
(117, 926, 9, 'Pâtachiot', 'https://assets.pokemon.com/assets/cms2/img/pokedex/detail/926.png'),
(118, 927, 9, 'Briochien', 'https://assets.pokemon.com/assets/cms2/img/pokedex/detail/927.png'),
(119, 928, 9, 'Olivini', 'https://assets.pokemon.com/assets/cms2/img/pokedex/detail/928.png'),
(120, 929, 9, 'Olivado', 'https://assets.pokemon.com/assets/cms2/img/pokedex/detail/929.png'),
(121, 930, 9, 'Arboliva', 'https://assets.pokemon.com/assets/cms2/img/pokedex/detail/930.png'),
(122, 931, 9, 'Tapatoès', 'https://assets.pokemon.com/assets/cms2/img/pokedex/detail/931.png'),
(123, 932, 9, 'Selutin', 'https://assets.pokemon.com/assets/cms2/img/pokedex/detail/932.png'),
(124, 933, 9, 'Amassel', 'https://assets.pokemon.com/assets/cms2/img/pokedex/detail/933.png'),
(125, 934, 9, 'Gigansel', 'https://assets.pokemon.com/assets/cms2/img/pokedex/detail/934.png'),
(126, 935, 9, 'Charbambin', 'https://assets.pokemon.com/assets/cms2/img/pokedex/detail/935.png'),
(127, 936, 9, 'Carmadura', 'https://assets.pokemon.com/assets/cms2/img/pokedex/detail/936.png'),
(128, 937, 9, 'Malvalame', 'https://assets.pokemon.com/assets/cms2/img/pokedex/detail/937.png'),
(129, 938, 9, 'Têtampoule', 'https://assets.pokemon.com/assets/cms2/img/pokedex/detail/938.png'),
(130, 939, 9, 'Ampibidou', 'https://assets.pokemon.com/assets/cms2/img/pokedex/detail/939.png'),
(131, 940, 9, 'Zapétrel', 'https://assets.pokemon.com/assets/cms2/img/pokedex/detail/940.png'),
(132, 941, 9, 'Fulgulairo', 'https://assets.pokemon.com/assets/cms2/img/pokedex/detail/941.png'),
(133, 942, 9, 'Grondogue', 'https://assets.pokemon.com/assets/cms2/img/pokedex/detail/942.png'),
(134, 943, 9, 'Dogrino', 'https://assets.pokemon.com/assets/cms2/img/pokedex/detail/943.png'),
(135, 944, 9, 'Gribouraigne', 'https://assets.pokemon.com/assets/cms2/img/pokedex/detail/944.png'),
(136, 945, 9, 'Tag‑Tag', 'https://assets.pokemon.com/assets/cms2/img/pokedex/detail/945.png'),
(137, 946, 9, 'Virovent', 'https://assets.pokemon.com/assets/cms2/img/pokedex/detail/946.png'),
(138, 947, 9, 'Virevorreur', 'https://assets.pokemon.com/assets/cms2/img/pokedex/detail/947.png'),
(139, 948, 9, 'Terracool', 'https://assets.pokemon.com/assets/cms2/img/pokedex/detail/948.png'),
(140, 949, 9, 'Terracruel', 'https://assets.pokemon.com/assets/cms2/img/pokedex/detail/949.png'),
(141, 950, 9, 'Craparoi', 'https://assets.pokemon.com/assets/cms2/img/pokedex/detail/950.png'),
(142, 951, 9, 'Pimito', 'https://assets.pokemon.com/assets/cms2/img/pokedex/detail/951.png'),
(143, 952, 9, 'Scovilain', 'https://assets.pokemon.com/assets/cms2/img/pokedex/detail/952.png'),
(144, 953, 9, 'Léboulérou', 'https://assets.pokemon.com/assets/cms2/img/pokedex/detail/953.png'),
(145, 954, 9, 'Bérasca', 'https://assets.pokemon.com/assets/cms2/img/pokedex/detail/954.png'),
(146, 955, 9, 'Flotillon', 'https://assets.pokemon.com/assets/cms2/img/pokedex/detail/955.png'),
(147, 956, 9, 'Cléopsytra', 'https://assets.pokemon.com/assets/cms2/img/pokedex/detail/956.png'),
(148, 957, 9, 'Forgerette', 'https://assets.pokemon.com/assets/cms2/img/pokedex/detail/957.png'),
(149, 958, 9, 'Forgella', 'https://assets.pokemon.com/assets/cms2/img/pokedex/detail/958.png'),
(150, 959, 9, 'Forgelina', 'https://assets.pokemon.com/assets/cms2/img/pokedex/detail/959.png'),
(151, 960, 9, 'Taupikeau', 'https://assets.pokemon.com/assets/cms2/img/pokedex/detail/960.png'),
(152, 961, 9, 'Triopikeau', 'https://assets.pokemon.com/assets/cms2/img/pokedex/detail/961.png'),
(153, 962, 9, 'Lestombaile', 'https://assets.pokemon.com/assets/cms2/img/pokedex/detail/962.png'),
(154, 963, 9, 'Dofin', 'https://assets.pokemon.com/assets/cms2/img/pokedex/detail/963.png'),
(155, 964, 9, 'Superdofin', 'https://assets.pokemon.com/assets/cms2/img/pokedex/detail/964.png'),
(156, 965, 9, 'Vrombi', 'https://assets.pokemon.com/assets/cms2/img/pokedex/detail/965.png'),
(157, 966, 9, 'Vrombotor', 'https://assets.pokemon.com/assets/cms2/img/pokedex/detail/966.png'),
(158, 967, 9, 'Motorizard', 'https://assets.pokemon.com/assets/cms2/img/pokedex/detail/967.png'),
(159, 968, 9, 'Ferdeter', 'https://assets.pokemon.com/assets/cms2/img/pokedex/detail/968.png'),
(160, 969, 9, 'Germéclat', 'https://assets.pokemon.com/assets/cms2/img/pokedex/detail/969.png'),
(161, 970, 9, 'Floréclat', 'https://assets.pokemon.com/assets/cms2/img/pokedex/detail/970.png'),
(162, 971, 9, 'Toutombe', 'https://assets.pokemon.com/assets/cms2/img/pokedex/detail/971.png'),
(163, 972, 9, 'Tomberro', 'https://assets.pokemon.com/assets/cms2/img/pokedex/detail/972.png'),
(164, 973, 9, 'Flamenroule', 'https://assets.pokemon.com/assets/cms2/img/pokedex/detail/973.png'),
(165, 974, 9, 'Piétacé', 'https://assets.pokemon.com/assets/cms2/img/pokedex/detail/974.png'),
(166, 975, 9, 'Balbalèze', 'https://assets.pokemon.com/assets/cms2/img/pokedex/detail/975.png'),
(167, 976, 9, 'Délestin', 'https://assets.pokemon.com/assets/cms2/img/pokedex/detail/976.png'),
(168, 977, 9, 'Oyacata', 'https://assets.pokemon.com/assets/cms2/img/pokedex/detail/977.png'),
(169, 978, 9, 'Nigirigon', 'https://assets.pokemon.com/assets/cms2/img/pokedex/detail/978.png'),
(170, 979, 9, 'Courrousinge', 'https://assets.pokemon.com/assets/cms2/img/pokedex/detail/979.png'),
(171, 980, 9, 'Terraiste', 'https://assets.pokemon.com/assets/cms2/img/pokedex/detail/980.png'),
(172, 981, 9, 'Farigiraf', 'https://assets.pokemon.com/assets/cms2/img/pokedex/detail/981.png'),
(173, 982, 9, 'Deusolourdo', 'https://assets.pokemon.com/assets/cms2/img/pokedex/detail/982.png'),
(174, 983, 9, 'Scalpereur', 'https://assets.pokemon.com/assets/cms2/img/pokedex/detail/983.png'),
(175, 984, 9, 'Fort‑Ivoire', 'https://assets.pokemon.com/assets/cms2/img/pokedex/detail/984.png'),
(176, 985, 9, 'Hurle‑Queue', 'https://assets.pokemon.com/assets/cms2/img/pokedex/detail/985.png'),
(177, 986, 9, 'Fongus‑Furie', 'https://assets.pokemon.com/assets/cms2/img/pokedex/detail/986.png'),
(178, 987, 9, 'Flotte‑Mèche', 'https://assets.pokemon.com/assets/cms2/img/pokedex/detail/987.png'),
(179, 988, 9, 'Rampe‑Ailes', 'https://assets.pokemon.com/assets/cms2/img/pokedex/detail/988.png'),
(180, 989, 9, 'Pelage‑Sablé', 'https://assets.pokemon.com/assets/cms2/img/pokedex/detail/989.png'),
(181, 990, 9, 'Roue‑de‑Fer', 'https://assets.pokemon.com/assets/cms2/img/pokedex/detail/990.png'),
(182, 991, 9, 'Hotte‑de‑Fer', 'https://assets.pokemon.com/assets/cms2/img/pokedex/detail/991.png'),
(183, 992, 9, 'Paume‑de‑Fer', 'https://assets.pokemon.com/assets/cms2/img/pokedex/detail/992.png'),
(184, 993, 9, 'Têtes‑de‑Fer', 'https://assets.pokemon.com/assets/cms2/img/pokedex/detail/993.png'),
(185, 994, 9, 'Mite‑de‑Fer', 'https://assets.pokemon.com/assets/cms2/img/pokedex/detail/994.png'),
(186, 995, 9, 'Épine‑de‑Fer', 'https://assets.pokemon.com/assets/cms2/img/pokedex/detail/995.png'),
(187, 996, 9, 'Frigodo', 'https://assets.pokemon.com/assets/cms2/img/pokedex/detail/996.png'),
(188, 997, 9, 'Cryodo', 'https://assets.pokemon.com/assets/cms2/img/pokedex/detail/997.png'),
(189, 998, 9, 'Glaivodo', 'https://assets.pokemon.com/assets/cms2/img/pokedex/detail/998.png'),
(190, 999, 9, 'Morudor', 'https://assets.pokemon.com/assets/cms2/img/pokedex/detail/999.png'),
(191, 1000, 9, 'Gromago', 'https://assets.pokemon.com/assets/cms2/img/pokedex/detail/1000.png'),
(192, 1001, 9, 'Chongjian', 'https://assets.pokemon.com/assets/cms2/img/pokedex/detail/1001.png'),
(193, 1002, 9, 'Baojian', 'https://assets.pokemon.com/assets/cms2/img/pokedex/detail/1002.png'),
(194, 1003, 9, 'Dinglu', 'https://assets.pokemon.com/assets/cms2/img/pokedex/detail/1003.png'),
(195, 1004, 9, 'Yuyu', 'https://assets.pokemon.com/assets/cms2/img/pokedex/detail/1004.png'),
(196, 1005, 9, 'Rugit‑Lune', 'https://assets.pokemon.com/assets/cms2/img/pokedex/detail/1005.png'),
(197, 1006, 9, 'Garde‑de‑Fer', 'https://assets.pokemon.com/assets/cms2/img/pokedex/detail/1006.png'),
(198, 1007, 9, 'Koraidon', 'https://assets.pokemon.com/assets/cms2/img/pokedex/detail/1007.png'),
(199, 1008, 9, 'Miraidon', 'https://assets.pokemon.com/assets/cms2/img/pokedex/detail/1008.png'),
(200, 1009, 9, 'Serpent‑Eau', 'https://assets.pokemon.com/assets/cms2/img/pokedex/detail/1009.png'),
(201, 1010, 9, 'Vert‑de‑Fer', 'https://assets.pokemon.com/assets/cms2/img/pokedex/detail/1010.png'),
(202, 1011, 9, 'Pomdramour', 'https://assets.pokemon.com/assets/cms2/img/pokedex/detail/1011.png'),
(203, 1012, 9, 'Poltchageist', 'https://assets.pokemon.com/assets/cms2/img/pokedex/detail/1012.png'),
(204, 1013, 9, 'Théffroyable', 'https://assets.pokemon.com/assets/cms2/img/pokedex/detail/1013.png'),
(205, 1014, 9, 'Félicanis', 'https://assets.pokemon.com/assets/cms2/img/pokedex/detail/1014.png'),
(206, 1015, 9, 'Fortusimia', 'https://assets.pokemon.com/assets/cms2/img/pokedex/detail/1015.png'),
(207, 1016, 9, 'Favianos', 'https://assets.pokemon.com/assets/cms2/img/pokedex/detail/1016.png'),
(208, 1017, 9, 'Ogerpon', 'https://assets.pokemon.com/assets/cms2/img/pokedex/detail/1017.png'),
(209, 1018, 9, 'Pondralugon', 'https://assets.pokemon.com/assets/cms2/img/pokedex/detail/1018.png'),
(210, 1019, 9, 'Pomdorochi', 'https://assets.pokemon.com/assets/cms2/img/pokedex/detail/1019.png'),
(211, 1020, 9, 'Feu-Perçant', 'https://assets.pokemon.com/assets/cms2/img/pokedex/detail/1020.png'),
(212, 1021, 9, 'Ire-Foudre', 'https://assets.pokemon.com/assets/cms2/img/pokedex/detail/1021.png'),
(213, 1022, 9, 'Roc-de-Fer', 'https://assets.pokemon.com/assets/cms2/img/pokedex/detail/1022.png'),
(214, 1023, 9, 'Chef-de-Fer', 'https://assets.pokemon.com/assets/cms2/img/pokedex/detail/1023.png'),
(215, 1024, 9, 'Terapagos', 'https://assets.pokemon.com/assets/cms2/img/pokedex/detail/1024.png'),
(216, 1025, 9, 'Pêchaminus', 'https://assets.pokemon.com/assets/cms2/img/pokedex/detail/1025.png'),
(217, 722, 7, 'Brindibou', 'https://assets.pokemon.com/assets/cms2/img/pokedex/detail/722.png'),
(218, 723, 7, 'Efflèche', 'https://assets.pokemon.com/assets/cms2/img/pokedex/detail/723.png'),
(219, 724, 7, 'Archéduc', 'https://assets.pokemon.com/assets/cms2/img/pokedex/detail/724.png'),
(220, 725, 7, 'Flamiaou', 'https://assets.pokemon.com/assets/cms2/img/pokedex/detail/725.png'),
(221, 726, 7, 'Matoufeu', 'https://assets.pokemon.com/assets/cms2/img/pokedex/detail/726.png'),
(222, 727, 7, 'Félinferno', 'https://assets.pokemon.com/assets/cms2/img/pokedex/detail/727.png'),
(223, 728, 7, 'Otaquin', 'https://assets.pokemon.com/assets/cms2/img/pokedex/detail/728.png'),
(224, 729, 7, 'Otarlette', 'https://assets.pokemon.com/assets/cms2/img/pokedex/detail/729.png'),
(225, 730, 7, 'Oratoria', 'https://assets.pokemon.com/assets/cms2/img/pokedex/detail/730.png'),
(226, 731, 7, 'Picassaut', 'https://assets.pokemon.com/assets/cms2/img/pokedex/detail/731.png'),
(227, 732, 7, 'Piclairon', 'https://assets.pokemon.com/assets/cms2/img/pokedex/detail/732.png'),
(228, 733, 7, 'Bazoucan', 'https://assets.pokemon.com/assets/cms2/img/pokedex/detail/733.png'),
(229, 734, 7, 'Manglouton', 'https://assets.pokemon.com/assets/cms2/img/pokedex/detail/734.png'),
(230, 735, 7, 'Argouste', 'https://assets.pokemon.com/assets/cms2/img/pokedex/detail/735.png'),
(231, 736, 7, 'Larvibule', 'https://assets.pokemon.com/assets/cms2/img/pokedex/detail/736.png'),
(232, 737, 7, 'Chrysapile', 'https://assets.pokemon.com/assets/cms2/img/pokedex/detail/737.png'),
(233, 738, 7, 'Lucanon', 'https://assets.pokemon.com/assets/cms2/img/pokedex/detail/738.png'),
(234, 739, 7, 'Crabagarre', 'https://assets.pokemon.com/assets/cms2/img/pokedex/detail/739.png'),
(235, 740, 7, 'Crabominable', 'https://assets.pokemon.com/assets/cms2/img/pokedex/detail/740.png'),
(236, 741, 7, 'Plumeline', 'https://assets.pokemon.com/assets/cms2/img/pokedex/detail/741.png'),
(237, 742, 7, 'Bombydou', 'https://assets.pokemon.com/assets/cms2/img/pokedex/detail/742.png'),
(238, 743, 7, 'Rubombelle', 'https://assets.pokemon.com/assets/cms2/img/pokedex/detail/743.png'),
(239, 744, 7, 'Rocabot', 'https://assets.pokemon.com/assets/cms2/img/pokedex/detail/744.png'),
(240, 745, 7, 'Lougaroc', 'https://assets.pokemon.com/assets/cms2/img/pokedex/detail/745.png'),
(241, 746, 7, 'Froussardine', 'https://assets.pokemon.com/assets/cms2/img/pokedex/detail/746.png'),
(242, 747, 7, 'Vorastérie', 'https://assets.pokemon.com/assets/cms2/img/pokedex/detail/747.png'),
(243, 748, 7, 'Prédastérie', 'https://assets.pokemon.com/assets/cms2/img/pokedex/detail/748.png'),
(244, 749, 7, 'Tiboudet', 'https://assets.pokemon.com/assets/cms2/img/pokedex/detail/749.png'),
(245, 750, 7, 'Bourrinos', 'https://assets.pokemon.com/assets/cms2/img/pokedex/detail/750.png'),
(246, 751, 7, 'Araqua', 'https://assets.pokemon.com/assets/cms2/img/pokedex/detail/751.png'),
(247, 752, 7, 'Tarenbulle', 'https://assets.pokemon.com/assets/cms2/img/pokedex/detail/752.png'),
(248, 753, 7, 'Mimantis', 'https://assets.pokemon.com/assets/cms2/img/pokedex/detail/753.png'),
(249, 754, 7, 'Floramantis', 'https://assets.pokemon.com/assets/cms2/img/pokedex/detail/754.png'),
(250, 755, 7, 'Spododo', 'https://assets.pokemon.com/assets/cms2/img/pokedex/detail/755.png'),
(251, 756, 7, 'Lampignon', 'https://assets.pokemon.com/assets/cms2/img/pokedex/detail/756.png'),
(252, 757, 7, 'Tritox', 'https://assets.pokemon.com/assets/cms2/img/pokedex/detail/757.png'),
(253, 758, 7, 'Malamandre', 'https://assets.pokemon.com/assets/cms2/img/pokedex/detail/758.png'),
(254, 759, 7, 'Nounourson', 'https://assets.pokemon.com/assets/cms2/img/pokedex/detail/759.png'),
(255, 760, 7, 'Chelours', 'https://assets.pokemon.com/assets/cms2/img/pokedex/detail/760.png'),
(256, 761, 7, 'Croquine', 'https://assets.pokemon.com/assets/cms2/img/pokedex/detail/761.png'),
(257, 762, 7, 'Candine', 'https://assets.pokemon.com/assets/cms2/img/pokedex/detail/762.png'),
(258, 763, 7, 'Sucreine', 'https://assets.pokemon.com/assets/cms2/img/pokedex/detail/763.png'),
(259, 764, 7, 'Guérilande', 'https://assets.pokemon.com/assets/cms2/img/pokedex/detail/764.png'),
(260, 765, 7, 'Gouroutan', 'https://assets.pokemon.com/assets/cms2/img/pokedex/detail/765.png'),
(261, 766, 7, 'Quartermac', 'https://assets.pokemon.com/assets/cms2/img/pokedex/detail/766.png'),
(262, 767, 7, 'Sovkipou', 'https://assets.pokemon.com/assets/cms2/img/pokedex/detail/767.png'),
(263, 768, 7, 'Sarmuraï', 'https://assets.pokemon.com/assets/cms2/img/pokedex/detail/768.png'),
(264, 769, 7, 'Bacabouh', 'https://assets.pokemon.com/assets/cms2/img/pokedex/detail/769.png'),
(265, 770, 7, 'Trépassable', 'https://assets.pokemon.com/assets/cms2/img/pokedex/detail/770.png'),
(266, 771, 7, 'Concombaffe', 'https://assets.pokemon.com/assets/cms2/img/pokedex/detail/771.png'),
(267, 772, 7, 'Type:0', 'https://assets.pokemon.com/assets/cms2/img/pokedex/detail/772.png'),
(268, 773, 7, 'Silvallié', 'https://assets.pokemon.com/assets/cms2/img/pokedex/detail/773.png'),
(269, 774, 7, 'Météno', 'https://assets.pokemon.com/assets/cms2/img/pokedex/detail/774.png'),
(270, 775, 7, 'Dodoala', 'https://assets.pokemon.com/assets/cms2/img/pokedex/detail/775.png'),
(271, 776, 7, 'Boumata', 'https://assets.pokemon.com/assets/cms2/img/pokedex/detail/776.png'),
(272, 777, 7, 'Togedemaru', 'https://assets.pokemon.com/assets/cms2/img/pokedex/detail/777.png'),
(273, 778, 7, 'Mimiqui', 'https://assets.pokemon.com/assets/cms2/img/pokedex/detail/778.png'),
(274, 779, 7, 'Denticrisse', 'https://assets.pokemon.com/assets/cms2/img/pokedex/detail/779.png'),
(275, 780, 7, 'Draïeul', 'https://assets.pokemon.com/assets/cms2/img/pokedex/detail/780.png'),
(276, 781, 7, 'Sinistrail', 'https://assets.pokemon.com/assets/cms2/img/pokedex/detail/781.png'),
(277, 782, 7, 'Bébécaille', 'https://assets.pokemon.com/assets/cms2/img/pokedex/detail/782.png'),
(278, 783, 7, 'Écaïd', 'https://assets.pokemon.com/assets/cms2/img/pokedex/detail/783.png'),
(279, 784, 7, 'Ékaïser', 'https://assets.pokemon.com/assets/cms2/img/pokedex/detail/784.png'),
(280, 785, 7, 'Tokorico', 'https://assets.pokemon.com/assets/cms2/img/pokedex/detail/785.png'),
(281, 786, 7, 'Tokopiyon', 'https://assets.pokemon.com/assets/cms2/img/pokedex/detail/786.png'),
(282, 787, 7, 'Tokotoro', 'https://assets.pokemon.com/assets/cms2/img/pokedex/detail/787.png'),
(283, 788, 7, 'Tokopisco', 'https://assets.pokemon.com/assets/cms2/img/pokedex/detail/788.png'),
(284, 789, 7, 'Cosmog', 'https://assets.pokemon.com/assets/cms2/img/pokedex/detail/789.png'),
(285, 790, 7, 'Cosmovum', 'https://assets.pokemon.com/assets/cms2/img/pokedex/detail/790.png'),
(286, 791, 7, 'Solgaleo', 'https://assets.pokemon.com/assets/cms2/img/pokedex/detail/791.png'),
(287, 792, 7, 'Lunala', 'https://assets.pokemon.com/assets/cms2/img/pokedex/detail/792.png'),
(288, 793, 7, 'Zéroïd', 'https://assets.pokemon.com/assets/cms2/img/pokedex/detail/793.png'),
(289, 794, 7, 'Mouscoto', 'https://assets.pokemon.com/assets/cms2/img/pokedex/detail/794.png'),
(290, 795, 7, 'Cancrelove', 'https://assets.pokemon.com/assets/cms2/img/pokedex/detail/795.png'),
(291, 796, 7, 'Câblifère', 'https://assets.pokemon.com/assets/cms2/img/pokedex/detail/796.png'),
(292, 797, 7, 'Bamboiselle', 'https://assets.pokemon.com/assets/cms2/img/pokedex/detail/797.png'),
(293, 798, 7, 'Katagami', 'https://assets.pokemon.com/assets/cms2/img/pokedex/detail/798.png'),
(294, 799, 7, 'Engloutyran', 'https://assets.pokemon.com/assets/cms2/img/pokedex/detail/799.png'),
(295, 800, 7, 'Necrozma', 'https://assets.pokemon.com/assets/cms2/img/pokedex/detail/800.png'),
(296, 801, 7, 'Magearna', 'https://assets.pokemon.com/assets/cms2/img/pokedex/detail/801.png'),
(297, 802, 7, 'Marshadow', 'https://assets.pokemon.com/assets/cms2/img/pokedex/detail/802.png'),
(298, 803, 7, 'Vémini', 'https://assets.pokemon.com/assets/cms2/img/pokedex/detail/803.png'),
(299, 804, 7, 'Mandrillon', 'https://assets.pokemon.com/assets/cms2/img/pokedex/detail/804.png'),
(300, 805, 7, 'Ama-Ama', 'https://assets.pokemon.com/assets/cms2/img/pokedex/detail/805.png'),
(301, 806, 7, 'Pierroteknik', 'https://assets.pokemon.com/assets/cms2/img/pokedex/detail/806.png'),
(302, 807, 7, 'Zeraora', 'https://assets.pokemon.com/assets/cms2/img/pokedex/detail/807.png'),
(303, 808, 7, 'Meltan', 'https://assets.pokemon.com/assets/cms2/img/pokedex/detail/808.png'),
(304, 809, 7, 'Melmetal', 'https://assets.pokemon.com/assets/cms2/img/pokedex/detail/809.png'),
(305, 650, 6, 'Marisson', 'https://assets.pokemon.com/assets/cms2/img/pokedex/detail/650.png'),
(306, 651, 6, 'Boguérisse', 'https://assets.pokemon.com/assets/cms2/img/pokedex/detail/651.png'),
(307, 652, 6, 'Blindépique', 'https://assets.pokemon.com/assets/cms2/img/pokedex/detail/652.png'),
(308, 653, 6, 'Feunnec', 'https://assets.pokemon.com/assets/cms2/img/pokedex/detail/653.png'),
(309, 654, 6, 'Roussil', 'https://assets.pokemon.com/assets/cms2/img/pokedex/detail/654.png'),
(310, 655, 6, 'Goupelin', 'https://assets.pokemon.com/assets/cms2/img/pokedex/detail/655.png'),
(311, 656, 6, 'Grenousse', 'https://assets.pokemon.com/assets/cms2/img/pokedex/detail/656.png'),
(312, 657, 6, 'Croâporal', 'https://assets.pokemon.com/assets/cms2/img/pokedex/detail/657.png'),
(313, 658, 6, 'Amphinobi', 'https://assets.pokemon.com/assets/cms2/img/pokedex/detail/658.png'),
(314, 659, 6, 'Sapereau', 'https://assets.pokemon.com/assets/cms2/img/pokedex/detail/659.png'),
(315, 660, 6, 'Excavarenne', 'https://assets.pokemon.com/assets/cms2/img/pokedex/detail/660.png'),
(316, 661, 6, 'Passerouge', 'https://assets.pokemon.com/assets/cms2/img/pokedex/detail/661.png'),
(317, 662, 6, 'Braisillon', 'https://assets.pokemon.com/assets/cms2/img/pokedex/detail/662.png'),
(318, 663, 6, 'Flambusard', 'https://assets.pokemon.com/assets/cms2/img/pokedex/detail/663.png'),
(319, 664, 6, 'Lépidonille', 'https://assets.pokemon.com/assets/cms2/img/pokedex/detail/664.png'),
(320, 665, 6, 'Pérégrain', 'https://assets.pokemon.com/assets/cms2/img/pokedex/detail/665.png'),
(321, 666, 6, 'Prismillon', 'https://assets.pokemon.com/assets/cms2/img/pokedex/detail/666.png'),
(322, 667, 6, 'Hélionceau', 'https://assets.pokemon.com/assets/cms2/img/pokedex/detail/667.png'),
(323, 668, 6, 'Némélios', 'https://assets.pokemon.com/assets/cms2/img/pokedex/detail/668.png'),
(324, 669, 6, 'Flabébé', 'https://assets.pokemon.com/assets/cms2/img/pokedex/detail/669.png'),
(325, 670, 6, 'Floette', 'https://assets.pokemon.com/assets/cms2/img/pokedex/detail/670.png'),
(326, 671, 6, 'Florges', 'https://assets.pokemon.com/assets/cms2/img/pokedex/detail/671.png'),
(327, 672, 6, 'Cabriolaine', 'https://assets.pokemon.com/assets/cms2/img/pokedex/detail/672.png'),
(328, 673, 6, 'Chevroum', 'https://assets.pokemon.com/assets/cms2/img/pokedex/detail/673.png'),
(329, 674, 6, 'Pandespiègle', 'https://assets.pokemon.com/assets/cms2/img/pokedex/detail/674.png'),
(330, 675, 6, 'Pandarbare', 'https://assets.pokemon.com/assets/cms2/img/pokedex/detail/675.png'),
(331, 676, 6, 'Couafarel', 'https://assets.pokemon.com/assets/cms2/img/pokedex/detail/676.png'),
(332, 677, 6, 'Psystigri', 'https://assets.pokemon.com/assets/cms2/img/pokedex/detail/677.png'),
(333, 678, 6, 'Mistigrix', 'https://assets.pokemon.com/assets/cms2/img/pokedex/detail/678.png'),
(334, 679, 6, 'Monorpale', 'https://assets.pokemon.com/assets/cms2/img/pokedex/detail/679.png'),
(335, 680, 6, 'Dimoclès', 'https://assets.pokemon.com/assets/cms2/img/pokedex/detail/680.png'),
(336, 681, 6, 'Exagide', 'https://assets.pokemon.com/assets/cms2/img/pokedex/detail/681.png'),
(337, 682, 6, 'Fluvetin', 'https://assets.pokemon.com/assets/cms2/img/pokedex/detail/682.png'),
(338, 683, 6, 'Cocotine', 'https://assets.pokemon.com/assets/cms2/img/pokedex/detail/683.png'),
(339, 684, 6, 'Sucroquin', 'https://assets.pokemon.com/assets/cms2/img/pokedex/detail/684.png'),
(340, 685, 6, 'Cupcanaille', 'https://assets.pokemon.com/assets/cms2/img/pokedex/detail/685.png'),
(341, 686, 6, 'Sepiatop', 'https://assets.pokemon.com/assets/cms2/img/pokedex/detail/686.png'),
(342, 687, 6, 'Sepiatroce', 'https://assets.pokemon.com/assets/cms2/img/pokedex/detail/687.png'),
(343, 688, 6, 'Opermine', 'https://assets.pokemon.com/assets/cms2/img/pokedex/detail/688.png'),
(344, 689, 6, 'Golgopathe', 'https://assets.pokemon.com/assets/cms2/img/pokedex/detail/689.png'),
(345, 690, 6, 'Venalgue', 'https://assets.pokemon.com/assets/cms2/img/pokedex/detail/690.png'),
(346, 691, 6, 'Kravarech', 'https://assets.pokemon.com/assets/cms2/img/pokedex/detail/691.png'),
(347, 692, 6, 'Flingouste', 'https://assets.pokemon.com/assets/cms2/img/pokedex/detail/692.png'),
(348, 693, 6, 'Gamblast', 'https://assets.pokemon.com/assets/cms2/img/pokedex/detail/693.png'),
(349, 694, 6, 'Galvaran', 'https://assets.pokemon.com/assets/cms2/img/pokedex/detail/694.png'),
(350, 695, 6, 'Iguolta', 'https://assets.pokemon.com/assets/cms2/img/pokedex/detail/695.png'),
(351, 696, 6, 'Ptyranidur', 'https://assets.pokemon.com/assets/cms2/img/pokedex/detail/696.png'),
(352, 697, 6, 'Rexilius', 'https://assets.pokemon.com/assets/cms2/img/pokedex/detail/697.png'),
(353, 698, 6, 'Amagara', 'https://assets.pokemon.com/assets/cms2/img/pokedex/detail/698.png'),
(355, 700, 6, 'Nymphali', 'https://assets.pokemon.com/assets/cms2/img/pokedex/detail/700.png'),
(356, 701, 6, 'Brutalibré', 'https://assets.pokemon.com/assets/cms2/img/pokedex/detail/701.png'),
(357, 702, 6, 'Dedenne', 'https://assets.pokemon.com/assets/cms2/img/pokedex/detail/702.png'),
(358, 703, 6, 'Strassie', 'https://assets.pokemon.com/assets/cms2/img/pokedex/detail/703.png'),
(359, 704, 6, 'Mucuscule', 'https://assets.pokemon.com/assets/cms2/img/pokedex/detail/704.png'),
(360, 705, 6, 'Colimucus', 'https://assets.pokemon.com/assets/cms2/img/pokedex/detail/705.png'),
(361, 706, 6, 'Muplodocus', 'https://assets.pokemon.com/assets/cms2/img/pokedex/detail/706.png'),
(362, 707, 6, 'Trousselin', 'https://assets.pokemon.com/assets/cms2/img/pokedex/detail/707.png'),
(363, 708, 6, 'Brocélôme', 'https://assets.pokemon.com/assets/cms2/img/pokedex/detail/708.png'),
(364, 709, 6, 'Desséliande', 'https://assets.pokemon.com/assets/cms2/img/pokedex/detail/709.png'),
(365, 710, 6, 'Pitrouille', 'https://assets.pokemon.com/assets/cms2/img/pokedex/detail/710.png'),
(366, 711, 6, 'Banshitrouye', 'https://assets.pokemon.com/assets/cms2/img/pokedex/detail/711.png'),
(367, 712, 6, 'Grelaçon', 'https://assets.pokemon.com/assets/cms2/img/pokedex/detail/712.png'),
(368, 713, 6, 'Séracrawl', 'https://assets.pokemon.com/assets/cms2/img/pokedex/detail/713.png'),
(369, 714, 6, 'Sonistrelle', 'https://assets.pokemon.com/assets/cms2/img/pokedex/detail/714.png'),
(370, 715, 6, 'Bruyverne', 'https://assets.pokemon.com/assets/cms2/img/pokedex/detail/715.png'),
(371, 716, 6, 'Xerneas', 'https://assets.pokemon.com/assets/cms2/img/pokedex/detail/716.png'),
(372, 717, 6, 'Yveltal', 'https://assets.pokemon.com/assets/cms2/img/pokedex/detail/717.png'),
(373, 718, 6, 'Zygarde', 'https://assets.pokemon.com/assets/cms2/img/pokedex/detail/718.png'),
(374, 719, 6, 'Diancie', 'https://assets.pokemon.com/assets/cms2/img/pokedex/detail/719.png'),
(375, 720, 6, 'Hoopa', 'https://assets.pokemon.com/assets/cms2/img/pokedex/detail/720.png'),
(376, 721, 6, 'Volcanion', 'https://assets.pokemon.com/assets/cms2/img/pokedex/detail/721.png'),
(377, 699, 6, 'Dragmara', 'https://assets.pokemon.com/assets/cms2/img/pokedex/detail/699.png'),
(378, 494, 5, 'Victini', 'https://assets.pokemon.com/assets/cms2/img/pokedex/detail/494.png'),
(379, 495, 5, 'Vipélierre', 'https://assets.pokemon.com/assets/cms2/img/pokedex/detail/495.png'),
(380, 496, 5, 'Lianaja', 'https://assets.pokemon.com/assets/cms2/img/pokedex/detail/496.png'),
(381, 497, 5, 'Majaspic', 'https://assets.pokemon.com/assets/cms2/img/pokedex/detail/497.png'),
(382, 498, 5, 'Gruikui', 'https://assets.pokemon.com/assets/cms2/img/pokedex/detail/498.png'),
(383, 499, 5, 'Grotichon', 'https://assets.pokemon.com/assets/cms2/img/pokedex/detail/499.png'),
(384, 500, 5, 'Roitiflam', 'https://assets.pokemon.com/assets/cms2/img/pokedex/detail/500.png'),
(385, 501, 5, 'Moustillon', 'https://assets.pokemon.com/assets/cms2/img/pokedex/detail/501.png'),
(386, 502, 5, 'Mateloutre', 'https://assets.pokemon.com/assets/cms2/img/pokedex/detail/502.png'),
(387, 503, 5, 'Clamiral', 'https://assets.pokemon.com/assets/cms2/img/pokedex/detail/503.png'),
(388, 504, 5, 'Ratentif', 'https://assets.pokemon.com/assets/cms2/img/pokedex/detail/504.png'),
(389, 505, 5, 'Miradar', 'https://assets.pokemon.com/assets/cms2/img/pokedex/detail/505.png'),
(390, 506, 5, 'Ponchiot', 'https://assets.pokemon.com/assets/cms2/img/pokedex/detail/506.png'),
(391, 507, 5, 'Ponchien', 'https://assets.pokemon.com/assets/cms2/img/pokedex/detail/507.png'),
(392, 508, 5, 'Mastouffe', 'https://assets.pokemon.com/assets/cms2/img/pokedex/detail/508.png'),
(393, 509, 5, 'Chacripan', 'https://assets.pokemon.com/assets/cms2/img/pokedex/detail/509.png'),
(394, 510, 5, 'Léopardus', 'https://assets.pokemon.com/assets/cms2/img/pokedex/detail/510.png'),
(395, 511, 5, 'Feuillajou', 'https://assets.pokemon.com/assets/cms2/img/pokedex/detail/511.png'),
(396, 512, 5, 'Feuiloutan', 'https://assets.pokemon.com/assets/cms2/img/pokedex/detail/512.png'),
(397, 513, 5, 'Flamajou', 'https://assets.pokemon.com/assets/cms2/img/pokedex/detail/513.png'),
(398, 514, 5, 'Flamoutan', 'https://assets.pokemon.com/assets/cms2/img/pokedex/detail/514.png'),
(399, 515, 5, 'Flotajou', 'https://assets.pokemon.com/assets/cms2/img/pokedex/detail/515.png'),
(400, 516, 5, 'Flotoutan', 'https://assets.pokemon.com/assets/cms2/img/pokedex/detail/516.png'),
(401, 517, 5, 'Munna', 'https://assets.pokemon.com/assets/cms2/img/pokedex/detail/517.png'),
(402, 518, 5, 'Mushana', 'https://assets.pokemon.com/assets/cms2/img/pokedex/detail/518.png'),
(403, 519, 5, 'Poichigeon', 'https://assets.pokemon.com/assets/cms2/img/pokedex/detail/519.png'),
(404, 520, 5, 'Colombeau', 'https://assets.pokemon.com/assets/cms2/img/pokedex/detail/520.png'),
(405, 521, 5, 'Déflaisan', 'https://assets.pokemon.com/assets/cms2/img/pokedex/detail/521.png'),
(406, 522, 5, 'Zébibron', 'https://assets.pokemon.com/assets/cms2/img/pokedex/detail/522.png'),
(407, 523, 5, 'Zéblitz', 'https://assets.pokemon.com/assets/cms2/img/pokedex/detail/523.png'),
(408, 524, 5, 'Nodulithe', 'https://assets.pokemon.com/assets/cms2/img/pokedex/detail/524.png'),
(409, 525, 5, 'Géolithe', 'https://assets.pokemon.com/assets/cms2/img/pokedex/detail/525.png'),
(410, 526, 5, 'Gigalithe', 'https://assets.pokemon.com/assets/cms2/img/pokedex/detail/526.png'),
(411, 527, 5, 'Chovsourir', 'https://assets.pokemon.com/assets/cms2/img/pokedex/detail/527.png'),
(412, 528, 5, 'Rhinolove', 'https://assets.pokemon.com/assets/cms2/img/pokedex/detail/528.png'),
(413, 529, 5, 'Rototaupe', 'https://assets.pokemon.com/assets/cms2/img/pokedex/detail/529.png'),
(414, 530, 5, 'Minotaupe', 'https://assets.pokemon.com/assets/cms2/img/pokedex/detail/530.png'),
(415, 531, 5, 'Nanméouïe', 'https://assets.pokemon.com/assets/cms2/img/pokedex/detail/531.png'),
(416, 532, 5, 'Charpenti', 'https://assets.pokemon.com/assets/cms2/img/pokedex/detail/532.png'),
(417, 533, 5, 'Ouvrifier', 'https://assets.pokemon.com/assets/cms2/img/pokedex/detail/533.png'),
(418, 534, 5, 'Bétochef', 'https://assets.pokemon.com/assets/cms2/img/pokedex/detail/534.png'),
(419, 535, 5, 'Tritonde', 'https://assets.pokemon.com/assets/cms2/img/pokedex/detail/535.png'),
(420, 536, 5, 'Batracné', 'https://assets.pokemon.com/assets/cms2/img/pokedex/detail/536.png'),
(421, 537, 5, 'Crapustule', 'https://assets.pokemon.com/assets/cms2/img/pokedex/detail/537.png'),
(422, 538, 5, 'Judokrak', 'https://assets.pokemon.com/assets/cms2/img/pokedex/detail/538.png'),
(423, 539, 5, 'Karaclée', 'https://assets.pokemon.com/assets/cms2/img/pokedex/detail/539.png'),
(424, 540, 5, 'Larveyette', 'https://assets.pokemon.com/assets/cms2/img/pokedex/detail/540.png'),
(425, 541, 5, 'Couverdure', 'https://assets.pokemon.com/assets/cms2/img/pokedex/detail/541.png'),
(426, 542, 5, 'Manternel', 'https://assets.pokemon.com/assets/cms2/img/pokedex/detail/542.png'),
(427, 543, 5, 'Venipatte', 'https://assets.pokemon.com/assets/cms2/img/pokedex/detail/543.png'),
(428, 544, 5, 'Scobolide', 'https://assets.pokemon.com/assets/cms2/img/pokedex/detail/544.png'),
(429, 545, 5, 'Brutapode', 'https://assets.pokemon.com/assets/cms2/img/pokedex/detail/545.png'),
(430, 546, 5, 'Doudouvet', 'https://assets.pokemon.com/assets/cms2/img/pokedex/detail/546.png'),
(431, 547, 5, 'Farfaduvet', 'https://assets.pokemon.com/assets/cms2/img/pokedex/detail/547.png'),
(432, 548, 5, 'Chlorobule', 'https://assets.pokemon.com/assets/cms2/img/pokedex/detail/548.png'),
(433, 549, 5, 'Fragilady', 'https://assets.pokemon.com/assets/cms2/img/pokedex/detail/549.png'),
(434, 550, 5, 'Bargantua', 'https://assets.pokemon.com/assets/cms2/img/pokedex/detail/550.png'),
(435, 551, 5, 'Mascaïman', 'https://assets.pokemon.com/assets/cms2/img/pokedex/detail/551.png'),
(436, 552, 5, 'Escroco', 'https://assets.pokemon.com/assets/cms2/img/pokedex/detail/552.png'),
(437, 553, 5, 'Crocorible', 'https://assets.pokemon.com/assets/cms2/img/pokedex/detail/553.png'),
(438, 554, 5, 'Darumarond', 'https://assets.pokemon.com/assets/cms2/img/pokedex/detail/554.png'),
(439, 555, 5, 'Darumacho', 'https://assets.pokemon.com/assets/cms2/img/pokedex/detail/555.png'),
(440, 556, 5, 'Maracachi', 'https://assets.pokemon.com/assets/cms2/img/pokedex/detail/556.png'),
(441, 557, 5, 'Crabicoque', 'https://assets.pokemon.com/assets/cms2/img/pokedex/detail/557.png'),
(442, 558, 5, 'Crabaraque', 'https://assets.pokemon.com/assets/cms2/img/pokedex/detail/558.png'),
(443, 559, 5, 'Baggiguane', 'https://assets.pokemon.com/assets/cms2/img/pokedex/detail/559.png'),
(444, 560, 5, 'Baggaïd', 'https://assets.pokemon.com/assets/cms2/img/pokedex/detail/560.png'),
(445, 561, 5, 'Cryptéro', 'https://assets.pokemon.com/assets/cms2/img/pokedex/detail/561.png'),
(446, 562, 5, 'Tutafeh', 'https://assets.pokemon.com/assets/cms2/img/pokedex/detail/562.png'),
(447, 563, 5, 'Tutankafer', 'https://assets.pokemon.com/assets/cms2/img/pokedex/detail/563.png'),
(448, 564, 5, 'Carapagos', 'https://assets.pokemon.com/assets/cms2/img/pokedex/detail/564.png'),
(449, 565, 5, 'Mégapagos', 'https://assets.pokemon.com/assets/cms2/img/pokedex/detail/565.png'),
(450, 566, 5, 'Arkéapti', 'https://assets.pokemon.com/assets/cms2/img/pokedex/detail/566.png'),
(451, 567, 5, 'Aéroptéryx', 'https://assets.pokemon.com/assets/cms2/img/pokedex/detail/567.png'),
(452, 568, 5, 'Miamiasme', 'https://assets.pokemon.com/assets/cms2/img/pokedex/detail/568.png'),
(453, 569, 5, 'Miasmax', 'https://assets.pokemon.com/assets/cms2/img/pokedex/detail/569.png'),
(454, 570, 5, 'Zorua', 'https://assets.pokemon.com/assets/cms2/img/pokedex/detail/570.png'),
(455, 571, 5, 'Zoroark', 'https://assets.pokemon.com/assets/cms2/img/pokedex/detail/571.png'),
(456, 572, 5, 'Chinchidou', 'https://assets.pokemon.com/assets/cms2/img/pokedex/detail/572.png'),
(457, 573, 5, 'Pashmilla', 'https://assets.pokemon.com/assets/cms2/img/pokedex/detail/573.png'),
(458, 574, 5, 'Scrutella', 'https://assets.pokemon.com/assets/cms2/img/pokedex/detail/574.png'),
(459, 575, 5, 'Mesmérella', 'https://assets.pokemon.com/assets/cms2/img/pokedex/detail/575.png'),
(460, 576, 5, 'Sidérella', 'https://assets.pokemon.com/assets/cms2/img/pokedex/detail/576.png'),
(461, 577, 5, 'Nucléos', 'https://assets.pokemon.com/assets/cms2/img/pokedex/detail/577.png'),
(462, 578, 5, 'Méios', 'https://assets.pokemon.com/assets/cms2/img/pokedex/detail/578.png'),
(463, 579, 5, 'Symbios', 'https://assets.pokemon.com/assets/cms2/img/pokedex/detail/579.png'),
(464, 580, 5, 'Couaneton', 'https://assets.pokemon.com/assets/cms2/img/pokedex/detail/580.png'),
(465, 581, 5, 'Lakmécygne', 'https://assets.pokemon.com/assets/cms2/img/pokedex/detail/581.png'),
(466, 582, 5, 'Sorbébé', 'https://assets.pokemon.com/assets/cms2/img/pokedex/detail/582.png'),
(467, 583, 5, 'Sorboul', 'https://assets.pokemon.com/assets/cms2/img/pokedex/detail/583.png'),
(468, 584, 5, 'Sorbouboul', 'https://assets.pokemon.com/assets/cms2/img/pokedex/detail/584.png'),
(469, 585, 5, 'Vivaldaim', 'https://assets.pokemon.com/assets/cms2/img/pokedex/detail/585.png'),
(470, 586, 5, 'Haydaim', 'https://assets.pokemon.com/assets/cms2/img/pokedex/detail/586.png'),
(471, 587, 5, 'Emolga', 'https://assets.pokemon.com/assets/cms2/img/pokedex/detail/587.png'),
(472, 588, 5, 'Carabing', 'https://assets.pokemon.com/assets/cms2/img/pokedex/detail/588.png'),
(473, 589, 5, 'Lançargot', 'https://assets.pokemon.com/assets/cms2/img/pokedex/detail/589.png'),
(474, 590, 5, 'Trompignon', 'https://assets.pokemon.com/assets/cms2/img/pokedex/detail/590.png'),
(475, 591, 5, 'Gaulet', 'https://assets.pokemon.com/assets/cms2/img/pokedex/detail/591.png'),
(476, 592, 5, 'Viskuse', 'https://assets.pokemon.com/assets/cms2/img/pokedex/detail/592.png'),
(477, 593, 5, 'Moyade', 'https://assets.pokemon.com/assets/cms2/img/pokedex/detail/593.png'),
(478, 594, 5, 'Mamanbo', 'https://assets.pokemon.com/assets/cms2/img/pokedex/detail/594.png'),
(479, 595, 5, 'Statitik', 'https://assets.pokemon.com/assets/cms2/img/pokedex/detail/595.png'),
(480, 596, 5, 'Mygavolt', 'https://assets.pokemon.com/assets/cms2/img/pokedex/detail/596.png'),
(481, 597, 5, 'Grindur', 'https://assets.pokemon.com/assets/cms2/img/pokedex/detail/597.png'),
(482, 598, 5, 'Noacier', 'https://assets.pokemon.com/assets/cms2/img/pokedex/detail/598.png'),
(483, 599, 5, 'Tic', 'https://assets.pokemon.com/assets/cms2/img/pokedex/detail/599.png'),
(484, 600, 5, 'Clic', 'https://assets.pokemon.com/assets/cms2/img/pokedex/detail/600.png'),
(485, 601, 5, 'Cliticlic', 'https://assets.pokemon.com/assets/cms2/img/pokedex/detail/601.png'),
(486, 602, 5, 'Anchwatt', 'https://assets.pokemon.com/assets/cms2/img/pokedex/detail/602.png'),
(487, 603, 5, 'Lampéroie', 'https://assets.pokemon.com/assets/cms2/img/pokedex/detail/603.png'),
(488, 604, 5, 'Ohmassacre', 'https://assets.pokemon.com/assets/cms2/img/pokedex/detail/604.png'),
(489, 605, 5, 'Lewsor', 'https://assets.pokemon.com/assets/cms2/img/pokedex/detail/605.png'),
(490, 606, 5, 'Neitram', 'https://assets.pokemon.com/assets/cms2/img/pokedex/detail/606.png'),
(491, 607, 5, 'Funécire', 'https://assets.pokemon.com/assets/cms2/img/pokedex/detail/607.png'),
(492, 608, 5, 'Mélancolux', 'https://assets.pokemon.com/assets/cms2/img/pokedex/detail/608.png'),
(493, 609, 5, 'Lugulabre', 'https://assets.pokemon.com/assets/cms2/img/pokedex/detail/609.png'),
(494, 610, 5, 'Coupenotte', 'https://assets.pokemon.com/assets/cms2/img/pokedex/detail/610.png'),
(495, 611, 5, 'Incisache', 'https://assets.pokemon.com/assets/cms2/img/pokedex/detail/611.png'),
(496, 612, 5, 'Tranchodon', 'https://assets.pokemon.com/assets/cms2/img/pokedex/detail/612.png'),
(497, 613, 5, 'Polarhume', 'https://assets.pokemon.com/assets/cms2/img/pokedex/detail/613.png'),
(498, 614, 5, 'Polagriffe', 'https://assets.pokemon.com/assets/cms2/img/pokedex/detail/614.png'),
(499, 615, 5, 'Hexagel', 'https://assets.pokemon.com/assets/cms2/img/pokedex/detail/615.png'),
(500, 616, 5, 'Escargaume', 'https://assets.pokemon.com/assets/cms2/img/pokedex/detail/616.png'),
(501, 617, 5, 'Limaspeed', 'https://assets.pokemon.com/assets/cms2/img/pokedex/detail/617.png'),
(502, 618, 5, 'Limonde', 'https://assets.pokemon.com/assets/cms2/img/pokedex/detail/618.png'),
(503, 619, 5, 'Kungfouine', 'https://assets.pokemon.com/assets/cms2/img/pokedex/detail/619.png'),
(504, 620, 5, 'Shaofouine', 'https://assets.pokemon.com/assets/cms2/img/pokedex/detail/620.png'),
(505, 621, 5, 'Drakkarmin', 'https://assets.pokemon.com/assets/cms2/img/pokedex/detail/621.png'),
(506, 622, 5, 'Gringolem', 'https://assets.pokemon.com/assets/cms2/img/pokedex/detail/622.png'),
(507, 623, 5, 'Golemastoc', 'https://assets.pokemon.com/assets/cms2/img/pokedex/detail/623.png'),
(508, 624, 5, 'Scalpion', 'https://assets.pokemon.com/assets/cms2/img/pokedex/detail/624.png'),
(509, 625, 5, 'Scalproie', 'https://assets.pokemon.com/assets/cms2/img/pokedex/detail/625.png'),
(510, 626, 5, 'Frison', 'https://assets.pokemon.com/assets/cms2/img/pokedex/detail/626.png'),
(511, 627, 5, 'Furaiglon', 'https://assets.pokemon.com/assets/cms2/img/pokedex/detail/627.png'),
(512, 628, 5, 'Guériaigle', 'https://assets.pokemon.com/assets/cms2/img/pokedex/detail/628.png'),
(513, 629, 5, 'Vostourno', 'https://assets.pokemon.com/assets/cms2/img/pokedex/detail/629.png'),
(514, 630, 5, 'Vaututrice', 'https://assets.pokemon.com/assets/cms2/img/pokedex/detail/630.png'),
(515, 631, 5, 'Aflamanoir', 'https://assets.pokemon.com/assets/cms2/img/pokedex/detail/631.png'),
(516, 632, 5, 'Fermite', 'https://assets.pokemon.com/assets/cms2/img/pokedex/detail/632.png'),
(517, 633, 5, 'Solochi', 'https://assets.pokemon.com/assets/cms2/img/pokedex/detail/633.png'),
(518, 634, 5, 'Diamat', 'https://assets.pokemon.com/assets/cms2/img/pokedex/detail/634.png'),
(519, 635, 5, 'Trioxhydre', 'https://assets.pokemon.com/assets/cms2/img/pokedex/detail/635.png'),
(520, 636, 5, 'Pyronille', 'https://assets.pokemon.com/assets/cms2/img/pokedex/detail/636.png'),
(521, 637, 5, 'Pyrax', 'https://assets.pokemon.com/assets/cms2/img/pokedex/detail/637.png'),
(522, 638, 5, 'Cobaltium', 'https://assets.pokemon.com/assets/cms2/img/pokedex/detail/638.png'),
(523, 639, 5, 'Terrakium', 'https://assets.pokemon.com/assets/cms2/img/pokedex/detail/639.png'),
(524, 640, 5, 'Viridium', 'https://assets.pokemon.com/assets/cms2/img/pokedex/detail/640.png'),
(525, 641, 5, 'Boréas', 'https://assets.pokemon.com/assets/cms2/img/pokedex/detail/641.png'),
(526, 642, 5, 'Fulguris', 'https://assets.pokemon.com/assets/cms2/img/pokedex/detail/642.png'),
(527, 643, 5, 'Reshiram', 'https://assets.pokemon.com/assets/cms2/img/pokedex/detail/643.png'),
(528, 644, 5, 'Zekrom', 'https://assets.pokemon.com/assets/cms2/img/pokedex/detail/644.png');
INSERT INTO `pokemon` (`id`, `numero_national`, `generation`, `nom`, `image_url`) VALUES
(529, 645, 5, 'Démétéros', 'https://assets.pokemon.com/assets/cms2/img/pokedex/detail/645.png'),
(530, 646, 5, 'Kyurem', 'https://assets.pokemon.com/assets/cms2/img/pokedex/detail/646.png'),
(531, 647, 5, 'Keldeo', 'https://assets.pokemon.com/assets/cms2/img/pokedex/detail/647.png'),
(532, 648, 5, 'Meloetta', 'https://assets.pokemon.com/assets/cms2/img/pokedex/detail/648.png'),
(533, 649, 5, 'Genesect', 'https://assets.pokemon.com/assets/cms2/img/pokedex/detail/649.png'),
(534, 387, 4, 'Tortipouss', 'https://assets.pokemon.com/assets/cms2/img/pokedex/detail/387.png'),
(535, 388, 4, 'Boskara', 'https://assets.pokemon.com/assets/cms2/img/pokedex/detail/388.png'),
(536, 389, 4, 'Torterra', 'https://assets.pokemon.com/assets/cms2/img/pokedex/detail/389.png'),
(537, 390, 4, 'Ouisticram', 'https://assets.pokemon.com/assets/cms2/img/pokedex/detail/390.png'),
(538, 391, 4, 'Chimpenfeu', 'https://assets.pokemon.com/assets/cms2/img/pokedex/detail/391.png'),
(539, 392, 4, 'Simiabraz', 'https://assets.pokemon.com/assets/cms2/img/pokedex/detail/392.png'),
(540, 393, 4, 'Tiplouf', 'https://assets.pokemon.com/assets/cms2/img/pokedex/detail/393.png'),
(541, 394, 4, 'Prinplouf', 'https://assets.pokemon.com/assets/cms2/img/pokedex/detail/394.png'),
(542, 395, 4, 'Pingoléon', 'https://assets.pokemon.com/assets/cms2/img/pokedex/detail/395.png'),
(543, 396, 4, 'Étourmi', 'https://assets.pokemon.com/assets/cms2/img/pokedex/detail/396.png'),
(544, 397, 4, 'Étourvol', 'https://assets.pokemon.com/assets/cms2/img/pokedex/detail/397.png'),
(545, 398, 4, 'Étouraptor', 'https://assets.pokemon.com/assets/cms2/img/pokedex/detail/398.png'),
(546, 399, 4, 'Keunotor', 'https://assets.pokemon.com/assets/cms2/img/pokedex/detail/399.png'),
(547, 400, 4, 'Castorno', 'https://assets.pokemon.com/assets/cms2/img/pokedex/detail/400.png'),
(548, 401, 4, 'Crikzik', 'https://assets.pokemon.com/assets/cms2/img/pokedex/detail/401.png'),
(549, 402, 4, 'Mélokrik', 'https://assets.pokemon.com/assets/cms2/img/pokedex/detail/402.png'),
(550, 403, 4, 'Lixy', 'https://assets.pokemon.com/assets/cms2/img/pokedex/detail/403.png'),
(551, 404, 4, 'Luxio', 'https://assets.pokemon.com/assets/cms2/img/pokedex/detail/404.png'),
(552, 405, 4, 'Luxray', 'https://assets.pokemon.com/assets/cms2/img/pokedex/detail/405.png'),
(553, 406, 4, 'Rozbouton', 'https://assets.pokemon.com/assets/cms2/img/pokedex/detail/406.png'),
(554, 407, 4, 'Roserade', 'https://assets.pokemon.com/assets/cms2/img/pokedex/detail/407.png'),
(555, 408, 4, 'Kranidos', 'https://assets.pokemon.com/assets/cms2/img/pokedex/detail/408.png'),
(556, 409, 4, 'Charkos', 'https://assets.pokemon.com/assets/cms2/img/pokedex/detail/409.png'),
(557, 410, 4, 'Dinoclier', 'https://assets.pokemon.com/assets/cms2/img/pokedex/detail/410.png'),
(558, 411, 4, 'Bastiodon', 'https://assets.pokemon.com/assets/cms2/img/pokedex/detail/411.png'),
(559, 412, 4, 'Cheniti', 'https://assets.pokemon.com/assets/cms2/img/pokedex/detail/412.png'),
(560, 413, 4, 'Cheniselle', 'https://assets.pokemon.com/assets/cms2/img/pokedex/detail/413.png'),
(561, 414, 4, 'Papilord', 'https://assets.pokemon.com/assets/cms2/img/pokedex/detail/414.png'),
(562, 415, 4, 'Apitrini', 'https://assets.pokemon.com/assets/cms2/img/pokedex/detail/415.png'),
(563, 416, 4, 'Apireine', 'https://assets.pokemon.com/assets/cms2/img/pokedex/detail/416.png'),
(564, 417, 4, 'Pachirisu', 'https://assets.pokemon.com/assets/cms2/img/pokedex/detail/417.png'),
(565, 418, 4, 'Mustébouée', 'https://assets.pokemon.com/assets/cms2/img/pokedex/detail/418.png'),
(566, 419, 4, 'Mustéflott', 'https://assets.pokemon.com/assets/cms2/img/pokedex/detail/419.png'),
(567, 420, 4, 'Ceribou', 'https://assets.pokemon.com/assets/cms2/img/pokedex/detail/420.png'),
(568, 421, 4, 'Ceriflor', 'https://assets.pokemon.com/assets/cms2/img/pokedex/detail/421.png'),
(569, 422, 4, 'Sancoki', 'https://assets.pokemon.com/assets/cms2/img/pokedex/detail/422.png'),
(570, 423, 4, 'Tritosor', 'https://assets.pokemon.com/assets/cms2/img/pokedex/detail/423.png'),
(571, 424, 4, 'Capidextre', 'https://assets.pokemon.com/assets/cms2/img/pokedex/detail/424.png'),
(572, 425, 4, 'Baudrive', 'https://assets.pokemon.com/assets/cms2/img/pokedex/detail/425.png'),
(573, 426, 4, 'Grodrive', 'https://assets.pokemon.com/assets/cms2/img/pokedex/detail/426.png'),
(574, 427, 4, 'Laporeille', 'https://assets.pokemon.com/assets/cms2/img/pokedex/detail/427.png'),
(575, 428, 4, 'Lockpin', 'https://assets.pokemon.com/assets/cms2/img/pokedex/detail/428.png'),
(576, 429, 4, 'Magirêve', 'https://assets.pokemon.com/assets/cms2/img/pokedex/detail/429.png'),
(577, 430, 4, 'Corboss', 'https://assets.pokemon.com/assets/cms2/img/pokedex/detail/430.png'),
(578, 431, 4, 'Chaglam', 'https://assets.pokemon.com/assets/cms2/img/pokedex/detail/431.png'),
(579, 432, 4, 'Chaffreux', 'https://assets.pokemon.com/assets/cms2/img/pokedex/detail/432.png'),
(580, 433, 4, 'Korillon', 'https://assets.pokemon.com/assets/cms2/img/pokedex/detail/433.png'),
(581, 434, 4, 'Moufouette', 'https://assets.pokemon.com/assets/cms2/img/pokedex/detail/434.png'),
(582, 435, 4, 'Moufflair', 'https://assets.pokemon.com/assets/cms2/img/pokedex/detail/435.png'),
(583, 436, 4, 'Archéomire', 'https://assets.pokemon.com/assets/cms2/img/pokedex/detail/436.png'),
(584, 437, 4, 'Archéodong', 'https://assets.pokemon.com/assets/cms2/img/pokedex/detail/437.png'),
(585, 438, 4, 'Manzaï', 'https://assets.pokemon.com/assets/cms2/img/pokedex/detail/438.png'),
(586, 439, 4, 'Mime Jr.', 'https://assets.pokemon.com/assets/cms2/img/pokedex/detail/439.png'),
(587, 440, 4, 'Ptiravi', 'https://assets.pokemon.com/assets/cms2/img/pokedex/detail/440.png'),
(588, 441, 4, 'Pijako', 'https://assets.pokemon.com/assets/cms2/img/pokedex/detail/441.png'),
(589, 442, 4, 'Spiritomb', 'https://assets.pokemon.com/assets/cms2/img/pokedex/detail/442.png'),
(590, 443, 4, 'Griknot', 'https://assets.pokemon.com/assets/cms2/img/pokedex/detail/443.png'),
(591, 444, 4, 'Carmache', 'https://assets.pokemon.com/assets/cms2/img/pokedex/detail/444.png'),
(592, 445, 4, 'Carchacrok', 'https://assets.pokemon.com/assets/cms2/img/pokedex/detail/445.png'),
(593, 446, 4, 'Goinfrex', 'https://assets.pokemon.com/assets/cms2/img/pokedex/detail/446.png'),
(594, 447, 4, 'Riolu', 'https://assets.pokemon.com/assets/cms2/img/pokedex/detail/447.png'),
(595, 448, 4, 'Lucario', 'https://assets.pokemon.com/assets/cms2/img/pokedex/detail/448.png'),
(596, 449, 4, 'Hippopotas', 'https://assets.pokemon.com/assets/cms2/img/pokedex/detail/449.png'),
(597, 450, 4, 'Hippodocus', 'https://assets.pokemon.com/assets/cms2/img/pokedex/detail/450.png'),
(598, 451, 4, 'Rapion', 'https://assets.pokemon.com/assets/cms2/img/pokedex/detail/451.png'),
(599, 452, 4, 'Drascore', 'https://assets.pokemon.com/assets/cms2/img/pokedex/detail/452.png'),
(600, 453, 4, 'Cradopaud', 'https://assets.pokemon.com/assets/cms2/img/pokedex/detail/453.png'),
(601, 454, 4, 'Coatox', 'https://assets.pokemon.com/assets/cms2/img/pokedex/detail/454.png'),
(602, 455, 4, 'Vortente', 'https://assets.pokemon.com/assets/cms2/img/pokedex/detail/455.png'),
(603, 456, 4, 'Écayon', 'https://assets.pokemon.com/assets/cms2/img/pokedex/detail/456.png'),
(604, 457, 4, 'Luminéon', 'https://assets.pokemon.com/assets/cms2/img/pokedex/detail/457.png'),
(605, 458, 4, 'Babimanta', 'https://assets.pokemon.com/assets/cms2/img/pokedex/detail/458.png'),
(606, 459, 4, 'Blizzi', 'https://assets.pokemon.com/assets/cms2/img/pokedex/detail/459.png'),
(607, 460, 4, 'Blizzaroi', 'https://assets.pokemon.com/assets/cms2/img/pokedex/detail/460.png'),
(608, 461, 4, 'Dimoret', 'https://assets.pokemon.com/assets/cms2/img/pokedex/detail/461.png'),
(609, 462, 4, 'Magnézone', 'https://assets.pokemon.com/assets/cms2/img/pokedex/detail/462.png'),
(610, 463, 4, 'Coudlangue', 'https://assets.pokemon.com/assets/cms2/img/pokedex/detail/463.png'),
(611, 464, 4, 'Rhinastoc', 'https://assets.pokemon.com/assets/cms2/img/pokedex/detail/464.png'),
(612, 465, 4, 'Bouldeneu', 'https://assets.pokemon.com/assets/cms2/img/pokedex/detail/465.png'),
(613, 466, 4, 'Élekable', 'https://assets.pokemon.com/assets/cms2/img/pokedex/detail/466.png'),
(614, 467, 4, 'Maganon', 'https://assets.pokemon.com/assets/cms2/img/pokedex/detail/467.png'),
(615, 468, 4, 'Togekiss', 'https://assets.pokemon.com/assets/cms2/img/pokedex/detail/468.png'),
(616, 469, 4, 'Yanméga', 'https://assets.pokemon.com/assets/cms2/img/pokedex/detail/469.png'),
(617, 470, 4, 'Phyllali', 'https://assets.pokemon.com/assets/cms2/img/pokedex/detail/470.png'),
(618, 471, 4, 'Givrali', 'https://assets.pokemon.com/assets/cms2/img/pokedex/detail/471.png'),
(619, 472, 4, 'Scorvol', 'https://assets.pokemon.com/assets/cms2/img/pokedex/detail/472.png'),
(620, 473, 4, 'Mammochon', 'https://assets.pokemon.com/assets/cms2/img/pokedex/detail/473.png'),
(621, 474, 4, 'Porygon-Z', 'https://assets.pokemon.com/assets/cms2/img/pokedex/detail/474.png'),
(622, 475, 4, 'Gallame', 'https://assets.pokemon.com/assets/cms2/img/pokedex/detail/475.png'),
(623, 476, 4, 'Tarinorme', 'https://assets.pokemon.com/assets/cms2/img/pokedex/detail/476.png'),
(624, 477, 4, 'Noctunoir', 'https://assets.pokemon.com/assets/cms2/img/pokedex/detail/477.png'),
(625, 478, 4, 'Momartik', 'https://assets.pokemon.com/assets/cms2/img/pokedex/detail/478.png'),
(626, 479, 4, 'Motisma', 'https://assets.pokemon.com/assets/cms2/img/pokedex/detail/479.png'),
(627, 480, 4, 'Créhelf', 'https://assets.pokemon.com/assets/cms2/img/pokedex/detail/480.png'),
(628, 481, 4, 'Créfollet', 'https://assets.pokemon.com/assets/cms2/img/pokedex/detail/481.png'),
(629, 482, 4, 'Créfadet', 'https://assets.pokemon.com/assets/cms2/img/pokedex/detail/482.png'),
(630, 483, 4, 'Dialga', 'https://assets.pokemon.com/assets/cms2/img/pokedex/detail/483.png'),
(631, 484, 4, 'Palkia', 'https://assets.pokemon.com/assets/cms2/img/pokedex/detail/484.png'),
(632, 485, 4, 'Heatran', 'https://assets.pokemon.com/assets/cms2/img/pokedex/detail/485.png'),
(633, 486, 4, 'Regigigas', 'https://assets.pokemon.com/assets/cms2/img/pokedex/detail/486.png'),
(634, 487, 4, 'Giratina', 'https://assets.pokemon.com/assets/cms2/img/pokedex/detail/487.png'),
(635, 488, 4, 'Cresselia', 'https://assets.pokemon.com/assets/cms2/img/pokedex/detail/488.png'),
(636, 489, 4, 'Phione', 'https://assets.pokemon.com/assets/cms2/img/pokedex/detail/489.png'),
(637, 490, 4, 'Manaphy', 'https://assets.pokemon.com/assets/cms2/img/pokedex/detail/490.png'),
(638, 491, 4, 'Darkrai', 'https://assets.pokemon.com/assets/cms2/img/pokedex/detail/491.png'),
(639, 492, 4, 'Shaymin', 'https://assets.pokemon.com/assets/cms2/img/pokedex/detail/492.png'),
(640, 493, 4, 'Arceus', 'https://assets.pokemon.com/assets/cms2/img/pokedex/detail/493.png'),
(641, 252, 3, 'Arcko', 'https://assets.pokemon.com/assets/cms2/img/pokedex/detail/252.png'),
(642, 253, 3, 'Massko', 'https://assets.pokemon.com/assets/cms2/img/pokedex/detail/253.png'),
(643, 254, 3, 'Jungko', 'https://assets.pokemon.com/assets/cms2/img/pokedex/detail/254.png'),
(644, 255, 3, 'Poussifeu', 'https://assets.pokemon.com/assets/cms2/img/pokedex/detail/255.png'),
(645, 256, 3, 'Galifeu', 'https://assets.pokemon.com/assets/cms2/img/pokedex/detail/256.png'),
(646, 257, 3, 'Braségali', 'https://assets.pokemon.com/assets/cms2/img/pokedex/detail/257.png'),
(647, 258, 3, 'Gobou', 'https://assets.pokemon.com/assets/cms2/img/pokedex/detail/258.png'),
(648, 259, 3, 'Flobio', 'https://assets.pokemon.com/assets/cms2/img/pokedex/detail/259.png'),
(649, 260, 3, 'Laggron', 'https://assets.pokemon.com/assets/cms2/img/pokedex/detail/260.png'),
(650, 261, 3, 'Medhyèna', 'https://assets.pokemon.com/assets/cms2/img/pokedex/detail/261.png'),
(651, 262, 3, 'Grahyèna', 'https://assets.pokemon.com/assets/cms2/img/pokedex/detail/262.png'),
(652, 263, 3, 'Zigzaton', 'https://assets.pokemon.com/assets/cms2/img/pokedex/detail/263.png'),
(653, 264, 3, 'Linéon', 'https://assets.pokemon.com/assets/cms2/img/pokedex/detail/264.png'),
(654, 265, 3, 'Chenipotte', 'https://assets.pokemon.com/assets/cms2/img/pokedex/detail/265.png'),
(655, 266, 3, 'Armulys', 'https://assets.pokemon.com/assets/cms2/img/pokedex/detail/266.png'),
(656, 267, 3, 'Charmillon', 'https://assets.pokemon.com/assets/cms2/img/pokedex/detail/267.png'),
(657, 268, 3, 'Blindalys', 'https://assets.pokemon.com/assets/cms2/img/pokedex/detail/268.png'),
(658, 269, 3, 'Papinox', 'https://assets.pokemon.com/assets/cms2/img/pokedex/detail/269.png'),
(659, 270, 3, 'Nénupiot', 'https://assets.pokemon.com/assets/cms2/img/pokedex/detail/270.png'),
(660, 271, 3, 'Lombre', 'https://assets.pokemon.com/assets/cms2/img/pokedex/detail/271.png'),
(661, 272, 3, 'Ludicolo', 'https://assets.pokemon.com/assets/cms2/img/pokedex/detail/272.png'),
(662, 273, 3, 'Grainipiot', 'https://assets.pokemon.com/assets/cms2/img/pokedex/detail/273.png'),
(663, 274, 3, 'Pifeuil', 'https://assets.pokemon.com/assets/cms2/img/pokedex/detail/274.png'),
(664, 275, 3, 'Tengalice', 'https://assets.pokemon.com/assets/cms2/img/pokedex/detail/275.png'),
(665, 276, 3, 'Nirondelle', 'https://assets.pokemon.com/assets/cms2/img/pokedex/detail/276.png'),
(666, 277, 3, 'Hélédelle', 'https://assets.pokemon.com/assets/cms2/img/pokedex/detail/277.png'),
(667, 278, 3, 'Goélise', 'https://assets.pokemon.com/assets/cms2/img/pokedex/detail/278.png'),
(668, 279, 3, 'Bekipan', 'https://assets.pokemon.com/assets/cms2/img/pokedex/detail/279.png'),
(669, 280, 3, 'Tarsal', 'https://assets.pokemon.com/assets/cms2/img/pokedex/detail/280.png'),
(670, 281, 3, 'Kirlia', 'https://assets.pokemon.com/assets/cms2/img/pokedex/detail/281.png'),
(671, 282, 3, 'Gardevoir', 'https://assets.pokemon.com/assets/cms2/img/pokedex/detail/282.png'),
(672, 283, 3, 'Arakdo', 'https://assets.pokemon.com/assets/cms2/img/pokedex/detail/283.png'),
(673, 284, 3, 'Maskadra', 'https://assets.pokemon.com/assets/cms2/img/pokedex/detail/284.png'),
(674, 285, 3, 'Balignon', 'https://assets.pokemon.com/assets/cms2/img/pokedex/detail/285.png'),
(675, 286, 3, 'Chapignon', 'https://assets.pokemon.com/assets/cms2/img/pokedex/detail/286.png'),
(676, 287, 3, 'Parecool', 'https://assets.pokemon.com/assets/cms2/img/pokedex/detail/287.png'),
(677, 288, 3, 'Vigoroth', 'https://assets.pokemon.com/assets/cms2/img/pokedex/detail/288.png'),
(678, 289, 3, 'Monaflèmit', 'https://assets.pokemon.com/assets/cms2/img/pokedex/detail/289.png'),
(679, 290, 3, 'Ningale', 'https://assets.pokemon.com/assets/cms2/img/pokedex/detail/290.png'),
(680, 291, 3, 'Ninjask', 'https://assets.pokemon.com/assets/cms2/img/pokedex/detail/291.png'),
(681, 292, 3, 'Munja', 'https://assets.pokemon.com/assets/cms2/img/pokedex/detail/292.png'),
(682, 293, 3, 'Chuchmur', 'https://assets.pokemon.com/assets/cms2/img/pokedex/detail/293.png'),
(683, 294, 3, 'Ramboum', 'https://assets.pokemon.com/assets/cms2/img/pokedex/detail/294.png'),
(684, 295, 3, 'Brouhabam', 'https://assets.pokemon.com/assets/cms2/img/pokedex/detail/295.png'),
(685, 296, 3, 'Makuhita', 'https://assets.pokemon.com/assets/cms2/img/pokedex/detail/296.png'),
(686, 297, 3, 'Hariyama', 'https://assets.pokemon.com/assets/cms2/img/pokedex/detail/297.png'),
(687, 298, 3, 'Azurill', 'https://assets.pokemon.com/assets/cms2/img/pokedex/detail/298.png'),
(688, 299, 3, 'Tarinor', 'https://assets.pokemon.com/assets/cms2/img/pokedex/detail/299.png'),
(775, 300, 3, 'Skitty', 'https://assets.pokemon.com/assets/cms2/img/pokedex/detail/300.png'),
(776, 301, 3, 'Delcatty', 'https://assets.pokemon.com/assets/cms2/img/pokedex/detail/301.png'),
(777, 302, 3, 'Ténéfix', 'https://assets.pokemon.com/assets/cms2/img/pokedex/detail/302.png'),
(778, 303, 3, 'Mysdibule', 'https://assets.pokemon.com/assets/cms2/img/pokedex/detail/303.png'),
(779, 304, 3, 'Galekid', 'https://assets.pokemon.com/assets/cms2/img/pokedex/detail/304.png'),
(780, 305, 3, 'Galegon', 'https://assets.pokemon.com/assets/cms2/img/pokedex/detail/305.png'),
(781, 306, 3, 'Galeking', 'https://assets.pokemon.com/assets/cms2/img/pokedex/detail/306.png'),
(782, 307, 3, 'Méditikka', 'https://assets.pokemon.com/assets/cms2/img/pokedex/detail/307.png'),
(783, 308, 3, 'Charmina', 'https://assets.pokemon.com/assets/cms2/img/pokedex/detail/308.png'),
(784, 309, 3, 'Dynavolt', 'https://assets.pokemon.com/assets/cms2/img/pokedex/detail/309.png'),
(785, 310, 3, 'Élecsprint', 'https://assets.pokemon.com/assets/cms2/img/pokedex/detail/310.png'),
(786, 311, 3, 'Posipi', 'https://assets.pokemon.com/assets/cms2/img/pokedex/detail/311.png'),
(787, 312, 3, 'Négapi', 'https://assets.pokemon.com/assets/cms2/img/pokedex/detail/312.png'),
(788, 313, 3, 'Muciole', 'https://assets.pokemon.com/assets/cms2/img/pokedex/detail/313.png'),
(789, 314, 3, 'Lumivole', 'https://assets.pokemon.com/assets/cms2/img/pokedex/detail/314.png'),
(790, 315, 3, 'Rosélia', 'https://assets.pokemon.com/assets/cms2/img/pokedex/detail/315.png'),
(791, 316, 3, 'Gloupti', 'https://assets.pokemon.com/assets/cms2/img/pokedex/detail/316.png'),
(792, 317, 3, 'Avaltout', 'https://assets.pokemon.com/assets/cms2/img/pokedex/detail/317.png'),
(793, 318, 3, 'Carvanha', 'https://assets.pokemon.com/assets/cms2/img/pokedex/detail/318.png'),
(794, 319, 3, 'Sharpedo', 'https://assets.pokemon.com/assets/cms2/img/pokedex/detail/319.png'),
(795, 320, 3, 'Wailmer', 'https://assets.pokemon.com/assets/cms2/img/pokedex/detail/320.png'),
(796, 321, 3, 'Wailord', 'https://assets.pokemon.com/assets/cms2/img/pokedex/detail/321.png'),
(797, 322, 3, 'Chamallot', 'https://assets.pokemon.com/assets/cms2/img/pokedex/detail/322.png'),
(798, 323, 3, 'Camérupt', 'https://assets.pokemon.com/assets/cms2/img/pokedex/detail/323.png'),
(799, 324, 3, 'Chartor', 'https://assets.pokemon.com/assets/cms2/img/pokedex/detail/324.png'),
(800, 325, 3, 'Spoink', 'https://assets.pokemon.com/assets/cms2/img/pokedex/detail/325.png'),
(801, 326, 3, 'Groret', 'https://assets.pokemon.com/assets/cms2/img/pokedex/detail/326.png'),
(802, 327, 3, 'Spinda', 'https://assets.pokemon.com/assets/cms2/img/pokedex/detail/327.png'),
(803, 328, 3, 'Kraknoix', 'https://assets.pokemon.com/assets/cms2/img/pokedex/detail/328.png'),
(804, 329, 3, 'Vibraninf', 'https://assets.pokemon.com/assets/cms2/img/pokedex/detail/329.png'),
(805, 330, 3, 'Libégon', 'https://assets.pokemon.com/assets/cms2/img/pokedex/detail/330.png'),
(806, 331, 3, 'Cacnea', 'https://assets.pokemon.com/assets/cms2/img/pokedex/detail/331.png'),
(807, 332, 3, 'Cacturne', 'https://assets.pokemon.com/assets/cms2/img/pokedex/detail/332.png'),
(808, 333, 3, 'Tylton', 'https://assets.pokemon.com/assets/cms2/img/pokedex/detail/333.png'),
(809, 334, 3, 'Altaria', 'https://assets.pokemon.com/assets/cms2/img/pokedex/detail/334.png'),
(810, 335, 3, 'Mangriff', 'https://assets.pokemon.com/assets/cms2/img/pokedex/detail/335.png'),
(811, 336, 3, 'Séviper', 'https://assets.pokemon.com/assets/cms2/img/pokedex/detail/336.png'),
(812, 337, 3, 'Séléroc', 'https://assets.pokemon.com/assets/cms2/img/pokedex/detail/337.png'),
(813, 338, 3, 'Solaroc', 'https://assets.pokemon.com/assets/cms2/img/pokedex/detail/338.png'),
(814, 339, 3, 'Barloche', 'https://assets.pokemon.com/assets/cms2/img/pokedex/detail/339.png'),
(815, 340, 3, 'Barbicha', 'https://assets.pokemon.com/assets/cms2/img/pokedex/detail/340.png'),
(816, 341, 3, 'Écrapince', 'https://assets.pokemon.com/assets/cms2/img/pokedex/detail/341.png'),
(817, 342, 3, 'Colhomard', 'https://assets.pokemon.com/assets/cms2/img/pokedex/detail/342.png'),
(818, 343, 3, 'Balbuto', 'https://assets.pokemon.com/assets/cms2/img/pokedex/detail/343.png'),
(819, 344, 3, 'Kaorine', 'https://assets.pokemon.com/assets/cms2/img/pokedex/detail/344.png'),
(820, 345, 3, 'Lilia', 'https://assets.pokemon.com/assets/cms2/img/pokedex/detail/345.png'),
(821, 346, 3, 'Vacilys', 'https://assets.pokemon.com/assets/cms2/img/pokedex/detail/346.png'),
(822, 347, 3, 'Anorith', 'https://assets.pokemon.com/assets/cms2/img/pokedex/detail/347.png'),
(823, 348, 3, 'Armaldo', 'https://assets.pokemon.com/assets/cms2/img/pokedex/detail/348.png'),
(824, 349, 3, 'Barpau', 'https://assets.pokemon.com/assets/cms2/img/pokedex/detail/349.png'),
(825, 350, 3, 'Milobellus', 'https://assets.pokemon.com/assets/cms2/img/pokedex/detail/350.png'),
(826, 351, 3, 'Morphéo', 'https://assets.pokemon.com/assets/cms2/img/pokedex/detail/351.png'),
(827, 352, 3, 'Kecleon', 'https://assets.pokemon.com/assets/cms2/img/pokedex/detail/352.png'),
(828, 353, 3, 'Polichombr', 'https://assets.pokemon.com/assets/cms2/img/pokedex/detail/353.png'),
(829, 354, 3, 'Branette', 'https://assets.pokemon.com/assets/cms2/img/pokedex/detail/354.png'),
(830, 355, 3, 'Skelénox', 'https://assets.pokemon.com/assets/cms2/img/pokedex/detail/355.png'),
(831, 356, 3, 'Téraclope', 'https://assets.pokemon.com/assets/cms2/img/pokedex/detail/356.png'),
(832, 357, 3, 'Tropius', 'https://assets.pokemon.com/assets/cms2/img/pokedex/detail/357.png'),
(833, 358, 3, 'Éoko', 'https://assets.pokemon.com/assets/cms2/img/pokedex/detail/358.png'),
(834, 359, 3, 'Absol', 'https://assets.pokemon.com/assets/cms2/img/pokedex/detail/359.png'),
(835, 360, 3, 'Okéoké', 'https://assets.pokemon.com/assets/cms2/img/pokedex/detail/360.png'),
(836, 361, 3, 'Stalgamin', 'https://assets.pokemon.com/assets/cms2/img/pokedex/detail/361.png'),
(837, 362, 3, 'Oniglali', 'https://assets.pokemon.com/assets/cms2/img/pokedex/detail/362.png'),
(838, 363, 3, 'Obalie', 'https://assets.pokemon.com/assets/cms2/img/pokedex/detail/363.png'),
(839, 364, 3, 'Phoque', 'https://assets.pokemon.com/assets/cms2/img/pokedex/detail/364.png'),
(840, 365, 3, 'Kaimorse', 'https://assets.pokemon.com/assets/cms2/img/pokedex/detail/365.png'),
(841, 366, 3, 'Coquiperl', 'https://assets.pokemon.com/assets/cms2/img/pokedex/detail/366.png'),
(842, 367, 3, 'Serpang', 'https://assets.pokemon.com/assets/cms2/img/pokedex/detail/367.png'),
(843, 368, 3, 'Rosabyss', 'https://assets.pokemon.com/assets/cms2/img/pokedex/detail/368.png'),
(844, 369, 3, 'Relicanth', 'https://assets.pokemon.com/assets/cms2/img/pokedex/detail/369.png'),
(845, 370, 3, 'Lovdisc', 'https://assets.pokemon.com/assets/cms2/img/pokedex/detail/370.png'),
(846, 371, 3, 'Draby', 'https://assets.pokemon.com/assets/cms2/img/pokedex/detail/371.png'),
(847, 372, 3, 'Drackhaus', 'https://assets.pokemon.com/assets/cms2/img/pokedex/detail/372.png'),
(848, 373, 3, 'Drattak', 'https://assets.pokemon.com/assets/cms2/img/pokedex/detail/373.png'),
(849, 374, 3, 'Terhal', 'https://assets.pokemon.com/assets/cms2/img/pokedex/detail/374.png'),
(850, 375, 3, 'Métang', 'https://assets.pokemon.com/assets/cms2/img/pokedex/detail/375.png'),
(851, 376, 3, 'Métalosse', 'https://assets.pokemon.com/assets/cms2/img/pokedex/detail/376.png'),
(852, 377, 3, 'Regirock', 'https://assets.pokemon.com/assets/cms2/img/pokedex/detail/377.png'),
(853, 378, 3, 'Regice', 'https://assets.pokemon.com/assets/cms2/img/pokedex/detail/378.png'),
(854, 379, 3, 'Registeel', 'https://assets.pokemon.com/assets/cms2/img/pokedex/detail/379.png'),
(855, 380, 3, 'Latias', 'https://assets.pokemon.com/assets/cms2/img/pokedex/detail/380.png'),
(856, 381, 3, 'Latios', 'https://assets.pokemon.com/assets/cms2/img/pokedex/detail/381.png'),
(857, 382, 3, 'Kyogre', 'https://assets.pokemon.com/assets/cms2/img/pokedex/detail/382.png'),
(858, 383, 3, 'Groudon', 'https://assets.pokemon.com/assets/cms2/img/pokedex/detail/383.png'),
(859, 384, 3, 'Rayquaza', 'https://assets.pokemon.com/assets/cms2/img/pokedex/detail/384.png'),
(860, 385, 3, 'Jirachi', 'https://assets.pokemon.com/assets/cms2/img/pokedex/detail/385.png'),
(861, 386, 3, 'Deoxys', 'https://assets.pokemon.com/assets/cms2/img/pokedex/detail/386.png'),
(862, 152, 2, 'Germignon', 'https://assets.pokemon.com/assets/cms2/img/pokedex/detail/152.png'),
(863, 153, 2, 'Macronium', 'https://assets.pokemon.com/assets/cms2/img/pokedex/detail/153.png'),
(864, 154, 2, 'Méganium', 'https://assets.pokemon.com/assets/cms2/img/pokedex/detail/154.png'),
(865, 155, 2, 'Héricendre', 'https://assets.pokemon.com/assets/cms2/img/pokedex/detail/155.png'),
(866, 156, 2, 'Feurisson', 'https://assets.pokemon.com/assets/cms2/img/pokedex/detail/156.png'),
(867, 157, 2, 'Typhlosion', 'https://assets.pokemon.com/assets/cms2/img/pokedex/detail/157.png'),
(868, 158, 2, 'Kaiminus', 'https://assets.pokemon.com/assets/cms2/img/pokedex/detail/158.png'),
(869, 159, 2, 'Crocrodil', 'https://assets.pokemon.com/assets/cms2/img/pokedex/detail/159.png'),
(870, 160, 2, 'Aligatueur', 'https://assets.pokemon.com/assets/cms2/img/pokedex/detail/160.png'),
(871, 161, 2, 'Fouinette', 'https://assets.pokemon.com/assets/cms2/img/pokedex/detail/161.png'),
(872, 162, 2, 'Fouinar', 'https://assets.pokemon.com/assets/cms2/img/pokedex/detail/162.png'),
(873, 163, 2, 'Hoothoot', 'https://assets.pokemon.com/assets/cms2/img/pokedex/detail/163.png'),
(874, 164, 2, 'Noarfang', 'https://assets.pokemon.com/assets/cms2/img/pokedex/detail/164.png'),
(875, 165, 2, 'Coxy', 'https://assets.pokemon.com/assets/cms2/img/pokedex/detail/165.png'),
(876, 166, 2, 'Coxyclaque', 'https://assets.pokemon.com/assets/cms2/img/pokedex/detail/166.png'),
(877, 167, 2, 'Mimigal', 'https://assets.pokemon.com/assets/cms2/img/pokedex/detail/167.png'),
(878, 168, 2, 'Migalos', 'https://assets.pokemon.com/assets/cms2/img/pokedex/detail/168.png'),
(879, 169, 2, 'Nostenfer', 'https://assets.pokemon.com/assets/cms2/img/pokedex/detail/169.png'),
(880, 170, 2, 'Loupio', 'https://assets.pokemon.com/assets/cms2/img/pokedex/detail/170.png'),
(881, 171, 2, 'Lanturn', 'https://assets.pokemon.com/assets/cms2/img/pokedex/detail/171.png'),
(882, 172, 2, 'Pichu', 'https://assets.pokemon.com/assets/cms2/img/pokedex/detail/172.png'),
(883, 173, 2, 'Mélo', 'https://assets.pokemon.com/assets/cms2/img/pokedex/detail/173.png'),
(884, 174, 2, 'Toudoudou', 'https://assets.pokemon.com/assets/cms2/img/pokedex/detail/174.png'),
(885, 175, 2, 'Togepi', 'https://assets.pokemon.com/assets/cms2/img/pokedex/detail/175.png'),
(886, 176, 2, 'Togetic', 'https://assets.pokemon.com/assets/cms2/img/pokedex/detail/176.png'),
(887, 177, 2, 'Natu', 'https://assets.pokemon.com/assets/cms2/img/pokedex/detail/177.png'),
(888, 178, 2, 'Xatu', 'https://assets.pokemon.com/assets/cms2/img/pokedex/detail/178.png'),
(889, 179, 2, 'Wattouat', 'https://assets.pokemon.com/assets/cms2/img/pokedex/detail/179.png'),
(890, 180, 2, 'Lainergie', 'https://assets.pokemon.com/assets/cms2/img/pokedex/detail/180.png'),
(891, 181, 2, 'Pharamp', 'https://assets.pokemon.com/assets/cms2/img/pokedex/detail/181.png'),
(892, 182, 2, 'Joliflor', 'https://assets.pokemon.com/assets/cms2/img/pokedex/detail/182.png'),
(893, 183, 2, 'Marill', 'https://assets.pokemon.com/assets/cms2/img/pokedex/detail/183.png'),
(894, 184, 2, 'Azumarill', 'https://assets.pokemon.com/assets/cms2/img/pokedex/detail/184.png'),
(895, 185, 2, 'Simularbre', 'https://assets.pokemon.com/assets/cms2/img/pokedex/detail/185.png'),
(896, 186, 2, 'Tarpaud', 'https://assets.pokemon.com/assets/cms2/img/pokedex/detail/186.png'),
(897, 187, 2, 'Granivol', 'https://assets.pokemon.com/assets/cms2/img/pokedex/detail/187.png'),
(898, 188, 2, 'Floravol', 'https://assets.pokemon.com/assets/cms2/img/pokedex/detail/188.png'),
(899, 189, 2, 'Cotovol', 'https://assets.pokemon.com/assets/cms2/img/pokedex/detail/189.png'),
(900, 190, 2, 'Capumain', 'https://assets.pokemon.com/assets/cms2/img/pokedex/detail/190.png'),
(901, 191, 2, 'Tournegrin', 'https://assets.pokemon.com/assets/cms2/img/pokedex/detail/191.png'),
(902, 192, 2, 'Héliatronc', 'https://assets.pokemon.com/assets/cms2/img/pokedex/detail/192.png'),
(903, 193, 2, 'Yanma', 'https://assets.pokemon.com/assets/cms2/img/pokedex/detail/193.png'),
(904, 194, 2, 'Axoloto', 'https://assets.pokemon.com/assets/cms2/img/pokedex/detail/194.png'),
(905, 195, 2, 'Maraiste', 'https://assets.pokemon.com/assets/cms2/img/pokedex/detail/195.png'),
(906, 196, 2, 'Mentali', 'https://assets.pokemon.com/assets/cms2/img/pokedex/detail/196.png'),
(907, 197, 2, 'Noctali', 'https://assets.pokemon.com/assets/cms2/img/pokedex/detail/197.png'),
(908, 198, 2, 'Cornèbre', 'https://assets.pokemon.com/assets/cms2/img/pokedex/detail/198.png'),
(909, 199, 2, 'Roigada', 'https://assets.pokemon.com/assets/cms2/img/pokedex/detail/199.png'),
(910, 200, 2, 'Feuforêve', 'https://assets.pokemon.com/assets/cms2/img/pokedex/detail/200.png'),
(911, 201, 2, 'Zarbi', 'https://assets.pokemon.com/assets/cms2/img/pokedex/detail/201.png'),
(912, 202, 2, 'Qulbutoké', 'https://assets.pokemon.com/assets/cms2/img/pokedex/detail/202.png'),
(913, 203, 2, 'Girafarig', 'https://assets.pokemon.com/assets/cms2/img/pokedex/detail/203.png'),
(914, 204, 2, 'Pomdepik', 'https://assets.pokemon.com/assets/cms2/img/pokedex/detail/204.png'),
(915, 205, 2, 'Foretress', 'https://assets.pokemon.com/assets/cms2/img/pokedex/detail/205.png'),
(916, 206, 2, 'Insolourdo', 'https://assets.pokemon.com/assets/cms2/img/pokedex/detail/206.png'),
(917, 207, 2, 'Scorplane', 'https://assets.pokemon.com/assets/cms2/img/pokedex/detail/207.png'),
(918, 208, 2, 'Steelix', 'https://assets.pokemon.com/assets/cms2/img/pokedex/detail/208.png'),
(919, 209, 2, 'Snubbull', 'https://assets.pokemon.com/assets/cms2/img/pokedex/detail/209.png'),
(920, 210, 2, 'Granbull', 'https://assets.pokemon.com/assets/cms2/img/pokedex/detail/210.png'),
(921, 211, 2, 'Qwilfish', 'https://assets.pokemon.com/assets/cms2/img/pokedex/detail/211.png'),
(922, 212, 2, 'Cizayox', 'https://assets.pokemon.com/assets/cms2/img/pokedex/detail/212.png'),
(923, 213, 2, 'Caratroc', 'https://assets.pokemon.com/assets/cms2/img/pokedex/detail/213.png'),
(924, 214, 2, 'Scarhino', 'https://assets.pokemon.com/assets/cms2/img/pokedex/detail/214.png'),
(925, 215, 2, 'Farfuret', 'https://assets.pokemon.com/assets/cms2/img/pokedex/detail/215.png'),
(926, 216, 2, 'Teddiursa', 'https://assets.pokemon.com/assets/cms2/img/pokedex/detail/216.png'),
(927, 217, 2, 'Ursaring', 'https://assets.pokemon.com/assets/cms2/img/pokedex/detail/217.png'),
(928, 218, 2, 'Limagma', 'https://assets.pokemon.com/assets/cms2/img/pokedex/detail/218.png'),
(929, 219, 2, 'Volcaropod', 'https://assets.pokemon.com/assets/cms2/img/pokedex/detail/219.png'),
(930, 220, 2, 'Marcacrin', 'https://assets.pokemon.com/assets/cms2/img/pokedex/detail/220.png'),
(931, 221, 2, 'Cochignon', 'https://assets.pokemon.com/assets/cms2/img/pokedex/detail/221.png'),
(932, 222, 2, 'Corayon', 'https://assets.pokemon.com/assets/cms2/img/pokedex/detail/222.png'),
(933, 223, 2, 'Rémoraid', 'https://assets.pokemon.com/assets/cms2/img/pokedex/detail/223.png'),
(934, 224, 2, 'Octillery', 'https://assets.pokemon.com/assets/cms2/img/pokedex/detail/224.png'),
(935, 225, 2, 'Cadoizo', 'https://assets.pokemon.com/assets/cms2/img/pokedex/detail/225.png'),
(936, 226, 2, 'Démanta', 'https://assets.pokemon.com/assets/cms2/img/pokedex/detail/226.png'),
(937, 227, 2, 'Airmure', 'https://assets.pokemon.com/assets/cms2/img/pokedex/detail/227.png'),
(938, 228, 2, 'Malosse', 'https://assets.pokemon.com/assets/cms2/img/pokedex/detail/228.png'),
(939, 229, 2, 'Démolosse', 'https://assets.pokemon.com/assets/cms2/img/pokedex/detail/229.png'),
(940, 230, 2, 'Hyporoi', 'https://assets.pokemon.com/assets/cms2/img/pokedex/detail/230.png'),
(941, 231, 2, 'Phanpy', 'https://assets.pokemon.com/assets/cms2/img/pokedex/detail/231.png'),
(942, 232, 2, 'Donphan', 'https://assets.pokemon.com/assets/cms2/img/pokedex/detail/232.png'),
(943, 233, 2, 'Porygon2', 'https://assets.pokemon.com/assets/cms2/img/pokedex/detail/233.png'),
(944, 234, 2, 'Cerfrousse', 'https://assets.pokemon.com/assets/cms2/img/pokedex/detail/234.png'),
(945, 235, 2, 'Queulorior', 'https://assets.pokemon.com/assets/cms2/img/pokedex/detail/235.png'),
(946, 236, 2, 'Debugant', 'https://assets.pokemon.com/assets/cms2/img/pokedex/detail/236.png'),
(947, 237, 2, 'Kapoera', 'https://assets.pokemon.com/assets/cms2/img/pokedex/detail/237.png'),
(948, 238, 2, 'Lippouti', 'https://assets.pokemon.com/assets/cms2/img/pokedex/detail/238.png'),
(949, 239, 2, 'Élekid', 'https://assets.pokemon.com/assets/cms2/img/pokedex/detail/239.png'),
(950, 240, 2, 'Magby', 'https://assets.pokemon.com/assets/cms2/img/pokedex/detail/240.png'),
(951, 241, 2, 'Écrémeuh', 'https://assets.pokemon.com/assets/cms2/img/pokedex/detail/241.png'),
(952, 242, 2, 'Leuphorie', 'https://assets.pokemon.com/assets/cms2/img/pokedex/detail/242.png'),
(953, 243, 2, 'Raikou', 'https://assets.pokemon.com/assets/cms2/img/pokedex/detail/243.png'),
(954, 244, 2, 'Entei', 'https://assets.pokemon.com/assets/cms2/img/pokedex/detail/244.png'),
(955, 245, 2, 'Suicune', 'https://assets.pokemon.com/assets/cms2/img/pokedex/detail/245.png'),
(956, 246, 2, 'Embrylex', 'https://assets.pokemon.com/assets/cms2/img/pokedex/detail/246.png'),
(957, 247, 2, 'Ymphect', 'https://assets.pokemon.com/assets/cms2/img/pokedex/detail/247.png'),
(958, 248, 2, 'Tyranocif', 'https://assets.pokemon.com/assets/cms2/img/pokedex/detail/248.png'),
(959, 249, 2, 'Lugia', 'https://assets.pokemon.com/assets/cms2/img/pokedex/detail/249.png'),
(960, 250, 2, 'Ho-Oh', 'https://assets.pokemon.com/assets/cms2/img/pokedex/detail/250.png'),
(961, 251, 2, 'Celebi', 'https://assets.pokemon.com/assets/cms2/img/pokedex/detail/251.png'),
(962, 1, 1, 'Bulbizarre', 'https://assets.pokemon.com/assets/cms2/img/pokedex/detail/001.png'),
(963, 2, 1, 'Herbizarre', 'https://assets.pokemon.com/assets/cms2/img/pokedex/detail/002.png'),
(964, 3, 1, 'Florizarre', 'https://assets.pokemon.com/assets/cms2/img/pokedex/detail/003.png'),
(965, 4, 1, 'Salamèche', 'https://assets.pokemon.com/assets/cms2/img/pokedex/detail/004.png'),
(966, 5, 1, 'Reptincel', 'https://assets.pokemon.com/assets/cms2/img/pokedex/detail/005.png'),
(967, 6, 1, 'Dracaufeu', 'https://assets.pokemon.com/assets/cms2/img/pokedex/detail/006.png'),
(968, 7, 1, 'Carapuce', 'https://assets.pokemon.com/assets/cms2/img/pokedex/detail/007.png'),
(969, 8, 1, 'Carabaffe', 'https://assets.pokemon.com/assets/cms2/img/pokedex/detail/008.png'),
(970, 9, 1, 'Tortank', 'https://assets.pokemon.com/assets/cms2/img/pokedex/detail/009.png'),
(971, 10, 1, 'Chenipan', 'https://assets.pokemon.com/assets/cms2/img/pokedex/detail/010.png'),
(972, 11, 1, 'Chrysacier', 'https://assets.pokemon.com/assets/cms2/img/pokedex/detail/011.png'),
(973, 12, 1, 'Papilusion', 'https://assets.pokemon.com/assets/cms2/img/pokedex/detail/012.png'),
(974, 13, 1, 'Aspicot', 'https://assets.pokemon.com/assets/cms2/img/pokedex/detail/013.png'),
(975, 14, 1, 'Coconfort', 'https://assets.pokemon.com/assets/cms2/img/pokedex/detail/014.png'),
(976, 15, 1, 'Dardargnan', 'https://assets.pokemon.com/assets/cms2/img/pokedex/detail/015.png'),
(977, 16, 1, 'Roucool', 'https://assets.pokemon.com/assets/cms2/img/pokedex/detail/016.png'),
(978, 17, 1, 'Roucoups', 'https://assets.pokemon.com/assets/cms2/img/pokedex/detail/017.png'),
(979, 18, 1, 'Roucarnage', 'https://assets.pokemon.com/assets/cms2/img/pokedex/detail/018.png'),
(980, 19, 1, 'Rattata', 'https://assets.pokemon.com/assets/cms2/img/pokedex/detail/019.png'),
(981, 20, 1, 'Rattatac', 'https://assets.pokemon.com/assets/cms2/img/pokedex/detail/020.png'),
(982, 21, 1, 'Piafabec', 'https://assets.pokemon.com/assets/cms2/img/pokedex/detail/021.png'),
(983, 22, 1, 'Rapasdepic', 'https://assets.pokemon.com/assets/cms2/img/pokedex/detail/022.png'),
(984, 23, 1, 'Abo', 'https://assets.pokemon.com/assets/cms2/img/pokedex/detail/023.png'),
(985, 24, 1, 'Arbok', 'https://assets.pokemon.com/assets/cms2/img/pokedex/detail/024.png'),
(986, 25, 1, 'Pikachu', 'https://assets.pokemon.com/assets/cms2/img/pokedex/detail/025.png'),
(987, 26, 1, 'Raichu', 'https://assets.pokemon.com/assets/cms2/img/pokedex/detail/026.png'),
(988, 27, 1, 'Sabelette', 'https://assets.pokemon.com/assets/cms2/img/pokedex/detail/027.png'),
(989, 28, 1, 'Sablaireau', 'https://assets.pokemon.com/assets/cms2/img/pokedex/detail/028.png'),
(990, 29, 1, 'Nidoran♀', 'https://assets.pokemon.com/assets/cms2/img/pokedex/detail/029.png'),
(991, 30, 1, 'Nidorina', 'https://assets.pokemon.com/assets/cms2/img/pokedex/detail/030.png'),
(992, 31, 1, 'Nidoqueen', 'https://assets.pokemon.com/assets/cms2/img/pokedex/detail/031.png'),
(993, 32, 1, 'Nidoran♂', 'https://assets.pokemon.com/assets/cms2/img/pokedex/detail/032.png'),
(994, 33, 1, 'Nidorino', 'https://assets.pokemon.com/assets/cms2/img/pokedex/detail/033.png'),
(995, 34, 1, 'Nidoking', 'https://assets.pokemon.com/assets/cms2/img/pokedex/detail/034.png'),
(996, 35, 1, 'Mélofée', 'https://assets.pokemon.com/assets/cms2/img/pokedex/detail/035.png'),
(997, 36, 1, 'Mélodelfe', 'https://assets.pokemon.com/assets/cms2/img/pokedex/detail/036.png'),
(998, 37, 1, 'Goupix', 'https://assets.pokemon.com/assets/cms2/img/pokedex/detail/037.png'),
(999, 38, 1, 'Feunard', 'https://assets.pokemon.com/assets/cms2/img/pokedex/detail/038.png'),
(1000, 39, 1, 'Rondoudou', 'https://assets.pokemon.com/assets/cms2/img/pokedex/detail/039.png'),
(1001, 40, 1, 'Grodoudou', 'https://assets.pokemon.com/assets/cms2/img/pokedex/detail/040.png'),
(1002, 41, 1, 'Nosferapti', 'https://assets.pokemon.com/assets/cms2/img/pokedex/detail/041.png'),
(1003, 42, 1, 'Nosferalto', 'https://assets.pokemon.com/assets/cms2/img/pokedex/detail/042.png'),
(1004, 43, 1, 'Mystherbe', 'https://assets.pokemon.com/assets/cms2/img/pokedex/detail/043.png'),
(1005, 44, 1, 'Ortide', 'https://assets.pokemon.com/assets/cms2/img/pokedex/detail/044.png'),
(1006, 45, 1, 'Rafflesia', 'https://assets.pokemon.com/assets/cms2/img/pokedex/detail/045.png'),
(1007, 46, 1, 'Paras', 'https://assets.pokemon.com/assets/cms2/img/pokedex/detail/046.png'),
(1008, 47, 1, 'Parasect', 'https://assets.pokemon.com/assets/cms2/img/pokedex/detail/047.png'),
(1009, 48, 1, 'Mimitoss', 'https://assets.pokemon.com/assets/cms2/img/pokedex/detail/048.png'),
(1010, 49, 1, 'Aéromite', 'https://assets.pokemon.com/assets/cms2/img/pokedex/detail/049.png'),
(1011, 50, 1, 'Taupiqueur', 'https://assets.pokemon.com/assets/cms2/img/pokedex/detail/050.png'),
(1012, 51, 1, 'Triopikeur', 'https://assets.pokemon.com/assets/cms2/img/pokedex/detail/051.png'),
(1013, 52, 1, 'Miaouss', 'https://assets.pokemon.com/assets/cms2/img/pokedex/detail/052.png'),
(1014, 53, 1, 'Persian', 'https://assets.pokemon.com/assets/cms2/img/pokedex/detail/053.png'),
(1015, 54, 1, 'Psykokwak', 'https://assets.pokemon.com/assets/cms2/img/pokedex/detail/054.png'),
(1016, 55, 1, 'Akwakwak', 'https://assets.pokemon.com/assets/cms2/img/pokedex/detail/055.png'),
(1017, 56, 1, 'Férosinge', 'https://assets.pokemon.com/assets/cms2/img/pokedex/detail/056.png'),
(1018, 57, 1, 'Colossinge', 'https://assets.pokemon.com/assets/cms2/img/pokedex/detail/057.png'),
(1019, 58, 1, 'Caninos', 'https://assets.pokemon.com/assets/cms2/img/pokedex/detail/058.png'),
(1020, 59, 1, 'Arcanin', 'https://assets.pokemon.com/assets/cms2/img/pokedex/detail/059.png'),
(1021, 60, 1, 'Ptitard', 'https://assets.pokemon.com/assets/cms2/img/pokedex/detail/060.png'),
(1022, 61, 1, 'Têtarte', 'https://assets.pokemon.com/assets/cms2/img/pokedex/detail/061.png'),
(1023, 62, 1, 'Tartard', 'https://assets.pokemon.com/assets/cms2/img/pokedex/detail/062.png'),
(1024, 63, 1, 'Abra', 'https://assets.pokemon.com/assets/cms2/img/pokedex/detail/063.png'),
(1025, 64, 1, 'Kadabra', 'https://assets.pokemon.com/assets/cms2/img/pokedex/detail/064.png'),
(1026, 65, 1, 'Alakazam', 'https://assets.pokemon.com/assets/cms2/img/pokedex/detail/065.png'),
(1027, 66, 1, 'Machoc', 'https://assets.pokemon.com/assets/cms2/img/pokedex/detail/066.png'),
(1028, 67, 1, 'Machopeur', 'https://assets.pokemon.com/assets/cms2/img/pokedex/detail/067.png'),
(1029, 68, 1, 'Mackogneur', 'https://assets.pokemon.com/assets/cms2/img/pokedex/detail/068.png'),
(1030, 69, 1, 'Chétiflor', 'https://assets.pokemon.com/assets/cms2/img/pokedex/detail/069.png'),
(1031, 70, 1, 'Boustiflor', 'https://assets.pokemon.com/assets/cms2/img/pokedex/detail/070.png'),
(1032, 71, 1, 'Empiflor', 'https://assets.pokemon.com/assets/cms2/img/pokedex/detail/071.png'),
(1033, 72, 1, 'Tentacool', 'https://assets.pokemon.com/assets/cms2/img/pokedex/detail/072.png'),
(1034, 73, 1, 'Tentacruel', 'https://assets.pokemon.com/assets/cms2/img/pokedex/detail/073.png'),
(1035, 74, 1, 'Racaillou', 'https://assets.pokemon.com/assets/cms2/img/pokedex/detail/074.png'),
(1036, 75, 1, 'Gravalanch', 'https://assets.pokemon.com/assets/cms2/img/pokedex/detail/075.png'),
(1037, 76, 1, 'Grolem', 'https://assets.pokemon.com/assets/cms2/img/pokedex/detail/076.png'),
(1038, 77, 1, 'Ponyta', 'https://assets.pokemon.com/assets/cms2/img/pokedex/detail/077.png'),
(1039, 78, 1, 'Galopa', 'https://assets.pokemon.com/assets/cms2/img/pokedex/detail/078.png'),
(1040, 79, 1, 'Ramoloss', 'https://assets.pokemon.com/assets/cms2/img/pokedex/detail/079.png'),
(1041, 80, 1, 'Flagadoss', 'https://assets.pokemon.com/assets/cms2/img/pokedex/detail/080.png'),
(1042, 81, 1, 'Magnéti', 'https://assets.pokemon.com/assets/cms2/img/pokedex/detail/081.png'),
(1043, 82, 1, 'Magnéton', 'https://assets.pokemon.com/assets/cms2/img/pokedex/detail/082.png'),
(1044, 83, 1, 'Canarticho', 'https://assets.pokemon.com/assets/cms2/img/pokedex/detail/083.png'),
(1045, 84, 1, 'Doduo', 'https://assets.pokemon.com/assets/cms2/img/pokedex/detail/084.png'),
(1046, 85, 1, 'Dodrio', 'https://assets.pokemon.com/assets/cms2/img/pokedex/detail/085.png'),
(1047, 86, 1, 'Otaria', 'https://assets.pokemon.com/assets/cms2/img/pokedex/detail/086.png'),
(1048, 87, 1, 'Lamantine', 'https://assets.pokemon.com/assets/cms2/img/pokedex/detail/087.png'),
(1049, 88, 1, 'Tadmorv', 'https://assets.pokemon.com/assets/cms2/img/pokedex/detail/088.png'),
(1050, 89, 1, 'Grotadmorv', 'https://assets.pokemon.com/assets/cms2/img/pokedex/detail/089.png'),
(1051, 90, 1, 'Kokiyas', 'https://assets.pokemon.com/assets/cms2/img/pokedex/detail/090.png'),
(1052, 91, 1, 'Crustabri', 'https://assets.pokemon.com/assets/cms2/img/pokedex/detail/091.png'),
(1053, 92, 1, 'Fantominus', 'https://assets.pokemon.com/assets/cms2/img/pokedex/detail/092.png'),
(1054, 93, 1, 'Spectrum', 'https://assets.pokemon.com/assets/cms2/img/pokedex/detail/093.png'),
(1055, 94, 1, 'Ectoplasma', 'https://assets.pokemon.com/assets/cms2/img/pokedex/detail/094.png'),
(1056, 95, 1, 'Onix', 'https://assets.pokemon.com/assets/cms2/img/pokedex/detail/095.png'),
(1057, 96, 1, 'Soporifik', 'https://assets.pokemon.com/assets/cms2/img/pokedex/detail/096.png'),
(1058, 97, 1, 'Hypnomade', 'https://assets.pokemon.com/assets/cms2/img/pokedex/detail/097.png'),
(1059, 98, 1, 'Krabby', 'https://assets.pokemon.com/assets/cms2/img/pokedex/detail/098.png'),
(1060, 99, 1, 'Krabboss', 'https://assets.pokemon.com/assets/cms2/img/pokedex/detail/099.png'),
(1061, 100, 1, 'Voltorbe', 'https://assets.pokemon.com/assets/cms2/img/pokedex/detail/100.png'),
(1062, 101, 1, 'Électrode', 'https://assets.pokemon.com/assets/cms2/img/pokedex/detail/101.png'),
(1063, 102, 1, 'Noeunoeuf', 'https://assets.pokemon.com/assets/cms2/img/pokedex/detail/102.png'),
(1064, 103, 1, 'Noadkoko', 'https://assets.pokemon.com/assets/cms2/img/pokedex/detail/103.png'),
(1065, 104, 1, 'Osselait', 'https://assets.pokemon.com/assets/cms2/img/pokedex/detail/104.png'),
(1066, 105, 1, 'Ossatueur', 'https://assets.pokemon.com/assets/cms2/img/pokedex/detail/105.png'),
(1067, 106, 1, 'Kicklee', 'https://assets.pokemon.com/assets/cms2/img/pokedex/detail/106.png'),
(1068, 107, 1, 'Tygnon', 'https://assets.pokemon.com/assets/cms2/img/pokedex/detail/107.png'),
(1069, 108, 1, 'Excelangue', 'https://assets.pokemon.com/assets/cms2/img/pokedex/detail/108.png'),
(1070, 109, 1, 'Smogo', 'https://assets.pokemon.com/assets/cms2/img/pokedex/detail/109.png'),
(1071, 110, 1, 'Smogogo', 'https://assets.pokemon.com/assets/cms2/img/pokedex/detail/110.png'),
(1072, 111, 1, 'Rhinocorne', 'https://assets.pokemon.com/assets/cms2/img/pokedex/detail/111.png'),
(1073, 112, 1, 'Rhinoféros', 'https://assets.pokemon.com/assets/cms2/img/pokedex/detail/112.png'),
(1074, 113, 1, 'Leveinard', 'https://assets.pokemon.com/assets/cms2/img/pokedex/detail/113.png'),
(1075, 114, 1, 'Saquedeneu', 'https://assets.pokemon.com/assets/cms2/img/pokedex/detail/114.png'),
(1076, 115, 1, 'Kangourex', 'https://assets.pokemon.com/assets/cms2/img/pokedex/detail/115.png'),
(1077, 116, 1, 'Hypotrempe', 'https://assets.pokemon.com/assets/cms2/img/pokedex/detail/116.png'),
(1078, 117, 1, 'Hypocéan', 'https://assets.pokemon.com/assets/cms2/img/pokedex/detail/117.png'),
(1079, 118, 1, 'Poissirène', 'https://assets.pokemon.com/assets/cms2/img/pokedex/detail/118.png'),
(1080, 119, 1, 'Poissoroy', 'https://assets.pokemon.com/assets/cms2/img/pokedex/detail/119.png'),
(1081, 120, 1, 'Stari', 'https://assets.pokemon.com/assets/cms2/img/pokedex/detail/120.png'),
(1082, 121, 1, 'Staross', 'https://assets.pokemon.com/assets/cms2/img/pokedex/detail/121.png'),
(1083, 122, 1, 'M. Mime', 'https://assets.pokemon.com/assets/cms2/img/pokedex/detail/122.png'),
(1084, 123, 1, 'Insécateur', 'https://assets.pokemon.com/assets/cms2/img/pokedex/detail/123.png'),
(1085, 124, 1, 'Lippoutou', 'https://assets.pokemon.com/assets/cms2/img/pokedex/detail/124.png'),
(1086, 125, 1, 'Élektek', 'https://assets.pokemon.com/assets/cms2/img/pokedex/detail/125.png'),
(1087, 126, 1, 'Magmar', 'https://assets.pokemon.com/assets/cms2/img/pokedex/detail/126.png'),
(1088, 127, 1, 'Scarabrute', 'https://assets.pokemon.com/assets/cms2/img/pokedex/detail/127.png'),
(1089, 128, 1, 'Tauros', 'https://assets.pokemon.com/assets/cms2/img/pokedex/detail/128.png'),
(1090, 129, 1, 'Magicarpe', 'https://assets.pokemon.com/assets/cms2/img/pokedex/detail/129.png'),
(1091, 130, 1, 'Léviator', 'https://assets.pokemon.com/assets/cms2/img/pokedex/detail/130.png'),
(1092, 131, 1, 'Lokhlass', 'https://assets.pokemon.com/assets/cms2/img/pokedex/detail/131.png'),
(1093, 132, 1, 'Métamorph', 'https://assets.pokemon.com/assets/cms2/img/pokedex/detail/132.png'),
(1094, 133, 1, 'Évoli', 'https://assets.pokemon.com/assets/cms2/img/pokedex/detail/133.png'),
(1095, 134, 1, 'Aquali', 'https://assets.pokemon.com/assets/cms2/img/pokedex/detail/134.png'),
(1096, 135, 1, 'Voltali', 'https://assets.pokemon.com/assets/cms2/img/pokedex/detail/135.png'),
(1097, 136, 1, 'Pyroli', 'https://assets.pokemon.com/assets/cms2/img/pokedex/detail/136.png'),
(1098, 137, 1, 'Porygon', 'https://assets.pokemon.com/assets/cms2/img/pokedex/detail/137.png'),
(1099, 138, 1, 'Amonita', 'https://assets.pokemon.com/assets/cms2/img/pokedex/detail/138.png'),
(1100, 139, 1, 'Amonistar', 'https://assets.pokemon.com/assets/cms2/img/pokedex/detail/139.png'),
(1101, 140, 1, 'Kabuto', 'https://assets.pokemon.com/assets/cms2/img/pokedex/detail/140.png'),
(1102, 141, 1, 'Kabutops', 'https://assets.pokemon.com/assets/cms2/img/pokedex/detail/141.png'),
(1103, 142, 1, 'Ptéra', 'https://assets.pokemon.com/assets/cms2/img/pokedex/detail/142.png'),
(1104, 143, 1, 'Ronflex', 'https://assets.pokemon.com/assets/cms2/img/pokedex/detail/143.png'),
(1105, 144, 1, 'Artikodin', 'https://assets.pokemon.com/assets/cms2/img/pokedex/detail/144.png'),
(1106, 145, 1, 'Électhor', 'https://assets.pokemon.com/assets/cms2/img/pokedex/detail/145.png'),
(1107, 146, 1, 'Sulfura', 'https://assets.pokemon.com/assets/cms2/img/pokedex/detail/146.png'),
(1108, 147, 1, 'Minidraco', 'https://assets.pokemon.com/assets/cms2/img/pokedex/detail/147.png'),
(1109, 148, 1, 'Draco', 'https://assets.pokemon.com/assets/cms2/img/pokedex/detail/148.png'),
(1110, 149, 1, 'Dracolosse', 'https://assets.pokemon.com/assets/cms2/img/pokedex/detail/149.png'),
(1111, 150, 1, 'Mewtwo', 'https://assets.pokemon.com/assets/cms2/img/pokedex/detail/150.png'),
(1112, 151, 1, 'Mew', 'https://assets.pokemon.com/assets/cms2/img/pokedex/detail/151.png');

-- --------------------------------------------------------

--
-- Structure de la table `pokemon_type`
--

CREATE TABLE `pokemon_type` (
  `pokemon_id` int(11) NOT NULL,
  `type_id` int(11) NOT NULL
) ENGINE=InnoDB DEFAULT CHARSET=utf8mb4 COLLATE=utf8mb4_general_ci;

--
-- Déchargement des données de la table `pokemon_type`
--

INSERT INTO `pokemon_type` (`pokemon_id`, `type_id`) VALUES
(1, 1),
(2, 1),
(3, 1),
(4, 2),
(5, 2),
(6, 2),
(7, 3),
(8, 3),
(9, 3),
(10, 4),
(11, 4),
(12, 5),
(13, 5),
(13, 6),
(14, 5),
(14, 6),
(15, 7),
(16, 7),
(16, 8),
(17, 7),
(17, 8),
(18, 9),
(19, 9),
(20, 1),
(21, 1),
(22, 4),
(23, 4),
(24, 3),
(25, 3),
(25, 10),
(26, 11),
(27, 11),
(28, 10),
(29, 2),
(29, 10),
(30, 2),
(30, 10),
(31, 1),
(31, 12),
(32, 1),
(32, 12),
(33, 1),
(33, 12),
(34, 13),
(35, 13),
(36, 3),
(36, 5),
(37, 3),
(38, 3),
(39, 11),
(39, 14),
(40, 11),
(40, 14),
(41, 2),
(41, 7),
(42, 2),
(42, 7),
(43, 15),
(44, 15),
(45, 16),
(46, 16),
(47, 8),
(48, 8),
(49, 8),
(49, 17),
(50, 9),
(50, 17),
(51, 9),
(51, 17),
(52, 9),
(52, 17),
(53, 4),
(53, 11),
(54, 6),
(55, 16),
(56, 15),
(57, 8),
(57, 18),
(58, 13),
(58, 16),
(59, 17),
(60, 17),
(61, 15),
(62, 11),
(63, 7),
(63, 18),
(64, 7),
(64, 18),
(65, 10),
(66, 18),
(67, 4),
(67, 8),
(68, 9),
(68, 11),
(69, 6),
(70, 6),
(71, 11),
(71, 12),
(72, 11),
(72, 18),
(73, 3),
(73, 12),
(74, 3),
(74, 18),
(75, 6),
(75, 12),
(76, 12),
(76, 16),
(77, 12),
(77, 16),
(78, 12),
(78, 16),
(79, 6),
(79, 17),
(80, 6),
(80, 15),
(81, 12),
(81, 14),
(82, 15),
(83, 9),
(83, 15),
(84, 1),
(84, 9),
(85, 11),
(86, 12),
(87, 18),
(88, 16),
(89, 1),
(89, 8),
(90, 4),
(90, 8),
(91, 7),
(91, 10),
(92, 4),
(92, 13),
(93, 3),
(93, 16),
(94, 14),
(94, 15),
(95, 9),
(95, 14),
(96, 5),
(96, 17),
(97, 1),
(98, 1),
(99, 1),
(99, 9),
(100, 2),
(101, 2),
(102, 2),
(102, 16),
(103, 3),
(104, 3),
(105, 3),
(105, 15),
(106, 4),
(107, 4),
(108, 7),
(109, 7),
(110, 7),
(111, 7),
(111, 9),
(112, 11),
(113, 11),
(113, 15),
(114, 11),
(114, 15),
(115, 4),
(116, 4),
(117, 17),
(118, 17),
(119, 1),
(119, 4),
(120, 1),
(120, 4),
(121, 1),
(121, 4),
(122, 4),
(122, 5),
(123, 10),
(124, 10),
(125, 10),
(126, 2),
(127, 2),
(127, 8),
(128, 2),
(128, 16),
(129, 11),
(130, 11),
(131, 5),
(131, 11),
(132, 5),
(132, 11),
(133, 9),
(134, 9),
(135, 4),
(135, 14),
(136, 4),
(136, 14),
(137, 1),
(137, 16),
(138, 1),
(138, 16),
(139, 1),
(139, 13),
(140, 1),
(140, 13),
(141, 10),
(142, 1),
(143, 1),
(143, 2),
(144, 7),
(145, 7),
(145, 8),
(146, 8),
(147, 8),
(148, 6),
(148, 17),
(149, 6),
(149, 17),
(150, 6),
(150, 17),
(151, 3),
(152, 3),
(153, 5),
(153, 9),
(154, 3),
(155, 3),
(156, 6),
(156, 14),
(157, 6),
(157, 14),
(158, 4),
(158, 12),
(159, 6),
(160, 10),
(160, 14),
(161, 10),
(161, 14),
(162, 16),
(163, 16),
(164, 5),
(164, 15),
(165, 18),
(166, 18),
(167, 3),
(167, 8),
(168, 3),
(169, 3),
(169, 12),
(170, 15),
(170, 16),
(171, 13),
(171, 14),
(172, 4),
(172, 8),
(173, 4),
(174, 6),
(174, 9),
(175, 13),
(175, 15),
(176, 8),
(176, 17),
(177, 1),
(177, 9),
(178, 16),
(178, 17),
(179, 7),
(179, 15),
(180, 11),
(180, 13),
(181, 6),
(181, 13),
(182, 3),
(182, 18),
(183, 11),
(183, 15),
(184, 5),
(184, 9),
(185, 2),
(185, 14),
(186, 10),
(186, 11),
(187, 12),
(187, 18),
(188, 12),
(188, 18),
(189, 12),
(189, 18),
(190, 16),
(191, 6),
(191, 16),
(192, 1),
(192, 9),
(193, 9),
(193, 18),
(194, 9),
(194, 13),
(195, 2),
(195, 9),
(196, 9),
(196, 12),
(197, 15),
(197, 17),
(198, 12),
(198, 15),
(199, 11),
(199, 12),
(200, 3),
(200, 12),
(201, 1),
(201, 8),
(202, 1),
(202, 12),
(203, 1),
(203, 16),
(204, 1),
(204, 16),
(205, 14),
(205, 15),
(206, 8),
(206, 14),
(207, 14),
(207, 17),
(208, 1),
(209, 6),
(209, 12),
(210, 1),
(210, 12),
(211, 2),
(211, 12),
(212, 11),
(212, 12),
(213, 8),
(213, 10),
(214, 6),
(214, 8),
(215, 4),
(216, 9),
(216, 16),
(217, 1),
(217, 5),
(218, 1),
(218, 5),
(219, 1),
(219, 16),
(220, 2),
(221, 2),
(222, 2),
(222, 9),
(223, 3),
(224, 3),
(225, 3),
(225, 17),
(226, 4),
(226, 5),
(227, 4),
(227, 5),
(228, 4),
(228, 5),
(229, 4),
(230, 4),
(231, 7),
(232, 7),
(232, 11),
(233, 7),
(233, 11),
(234, 15),
(235, 15),
(235, 18),
(236, 2),
(236, 5),
(237, 7),
(237, 17),
(238, 7),
(238, 17),
(239, 10),
(240, 10),
(241, 3),
(242, 3),
(242, 14),
(243, 3),
(243, 14),
(244, 13),
(245, 13),
(246, 3),
(246, 7),
(247, 3),
(247, 7),
(248, 1),
(249, 1),
(250, 1),
(250, 17),
(251, 1),
(251, 17),
(252, 2),
(252, 14),
(253, 2),
(253, 14),
(254, 4),
(254, 15),
(255, 4),
(255, 15),
(256, 1),
(257, 1),
(258, 1),
(259, 17),
(260, 4),
(260, 8),
(261, 15),
(262, 3),
(262, 7),
(263, 3),
(263, 7),
(264, 13),
(264, 16),
(265, 13),
(265, 16),
(266, 3),
(267, 4),
(268, 4),
(269, 5),
(269, 10),
(270, 4),
(271, 2),
(271, 12),
(272, 6),
(272, 11),
(273, 16),
(273, 17),
(274, 3),
(274, 14),
(275, 4),
(275, 12),
(276, 1),
(276, 16),
(277, 12),
(278, 12),
(278, 15),
(279, 12),
(279, 15),
(280, 11),
(280, 17),
(281, 8),
(281, 17),
(282, 1),
(282, 17),
(283, 3),
(283, 17),
(284, 8),
(285, 8),
(286, 6),
(286, 8),
(287, 8),
(287, 16),
(288, 10),
(288, 14),
(289, 7),
(289, 15),
(290, 7),
(290, 15),
(291, 11),
(292, 5),
(292, 6),
(293, 1),
(293, 6),
(294, 9),
(294, 12),
(295, 8),
(296, 6),
(296, 17),
(297, 15),
(297, 16),
(298, 14),
(299, 12),
(299, 14),
(300, 6),
(300, 10),
(301, 2),
(301, 16),
(302, 11),
(303, 6),
(304, 6),
(305, 1),
(306, 1),
(307, 1),
(307, 15),
(308, 2),
(309, 2),
(310, 2),
(310, 8),
(311, 3),
(312, 3),
(313, 3),
(313, 9),
(314, 4),
(315, 4),
(315, 13),
(316, 4),
(316, 5),
(317, 2),
(317, 5),
(318, 2),
(318, 5),
(319, 7),
(320, 7),
(321, 5),
(321, 7),
(322, 2),
(322, 4),
(323, 2),
(323, 4),
(324, 17),
(325, 17),
(326, 17),
(327, 1),
(328, 1),
(329, 15),
(330, 9),
(330, 15),
(331, 4),
(332, 8),
(333, 8),
(334, 6),
(334, 16),
(335, 6),
(335, 16),
(336, 6),
(336, 16),
(337, 17),
(338, 17),
(339, 17),
(340, 17),
(341, 8),
(341, 9),
(342, 8),
(342, 9),
(343, 3),
(343, 10),
(344, 3),
(344, 10),
(345, 3),
(345, 14),
(346, 12),
(346, 14),
(347, 3),
(348, 3),
(349, 4),
(349, 11),
(350, 4),
(350, 11),
(351, 10),
(351, 12),
(352, 10),
(352, 12),
(353, 10),
(353, 18),
(355, 17),
(356, 5),
(356, 15),
(357, 11),
(357, 17),
(358, 10),
(358, 17),
(359, 12),
(360, 12),
(361, 12),
(362, 6),
(362, 17),
(363, 1),
(363, 16),
(364, 1),
(364, 16),
(365, 1),
(365, 16),
(366, 1),
(366, 16),
(367, 18),
(368, 18),
(369, 5),
(369, 12),
(370, 5),
(370, 12),
(371, 17),
(372, 5),
(372, 9),
(373, 12),
(373, 13),
(374, 10),
(374, 17),
(375, 8),
(375, 16),
(376, 2),
(376, 3),
(377, 10),
(377, 18),
(378, 2),
(378, 8),
(379, 1),
(380, 1),
(381, 1),
(382, 2),
(383, 2),
(383, 15),
(384, 2),
(384, 15),
(385, 3),
(386, 3),
(387, 3),
(388, 4),
(389, 4),
(390, 4),
(391, 4),
(392, 4),
(393, 9),
(394, 9),
(395, 1),
(396, 1),
(397, 2),
(398, 2),
(399, 3),
(400, 3),
(401, 8),
(402, 8),
(403, 4),
(403, 5),
(404, 4),
(404, 5),
(405, 4),
(405, 5),
(406, 11),
(407, 11),
(408, 10),
(409, 10),
(410, 10),
(411, 5),
(411, 8),
(412, 5),
(412, 8),
(413, 13),
(414, 6),
(414, 13),
(415, 4),
(416, 15),
(417, 15),
(418, 15),
(419, 3),
(420, 3),
(420, 13),
(421, 3),
(421, 13),
(422, 15),
(423, 15),
(424, 1),
(424, 7),
(425, 1),
(425, 7),
(426, 1),
(426, 7),
(427, 7),
(427, 14),
(428, 7),
(428, 14),
(429, 7),
(429, 14),
(430, 1),
(430, 17),
(431, 1),
(431, 17),
(432, 1),
(433, 1),
(434, 3),
(435, 9),
(435, 13),
(436, 9),
(436, 13),
(437, 9),
(437, 13),
(438, 2),
(439, 2),
(440, 1),
(441, 7),
(441, 10),
(442, 7),
(442, 10),
(443, 9),
(443, 15),
(444, 9),
(444, 15),
(445, 5),
(445, 8),
(446, 16),
(447, 16),
(448, 3),
(448, 10),
(449, 3),
(449, 10),
(450, 5),
(450, 10),
(451, 5),
(451, 10),
(452, 14),
(453, 14),
(454, 9),
(455, 9),
(456, 4),
(457, 4),
(458, 8),
(459, 8),
(460, 8),
(461, 8),
(462, 8),
(463, 8),
(464, 3),
(464, 5),
(465, 3),
(465, 5),
(466, 18),
(467, 18),
(468, 18),
(469, 1),
(469, 4),
(470, 1),
(470, 4),
(471, 5),
(471, 11),
(472, 7),
(473, 6),
(473, 7),
(474, 1),
(474, 14),
(475, 1),
(475, 14),
(476, 3),
(476, 16),
(477, 3),
(477, 16),
(478, 3),
(479, 7),
(479, 11),
(480, 7),
(480, 11),
(481, 1),
(481, 6),
(482, 1),
(482, 6),
(483, 6),
(484, 6),
(485, 6),
(486, 11),
(487, 11),
(488, 11),
(489, 8),
(490, 8),
(491, 2),
(491, 16),
(492, 2),
(492, 16),
(493, 2),
(493, 16),
(494, 12),
(495, 12),
(496, 12),
(497, 18),
(498, 18),
(499, 18),
(500, 7),
(501, 7),
(502, 11),
(502, 13),
(503, 15),
(504, 15),
(505, 12),
(506, 13),
(506, 16),
(507, 13),
(507, 16),
(508, 6),
(508, 9),
(509, 6),
(509, 9),
(510, 4),
(511, 4),
(511, 5),
(512, 4),
(512, 5),
(513, 5),
(513, 9),
(514, 5),
(514, 9),
(515, 2),
(516, 6),
(516, 7),
(517, 9),
(517, 12),
(518, 9),
(518, 12),
(519, 9),
(519, 12),
(520, 2),
(520, 7),
(521, 2),
(521, 7),
(522, 6),
(522, 15),
(523, 10),
(523, 15),
(524, 1),
(524, 15),
(525, 5),
(526, 5),
(526, 11),
(527, 2),
(527, 12),
(528, 11),
(528, 12),
(529, 5),
(529, 13),
(530, 12),
(530, 18),
(531, 3),
(531, 15),
(532, 4),
(532, 8),
(533, 6),
(533, 7),
(534, 1),
(535, 1),
(536, 1),
(536, 13),
(537, 2),
(538, 2),
(538, 15),
(539, 2),
(539, 15),
(540, 3),
(541, 3),
(542, 3),
(542, 6),
(543, 4),
(543, 5),
(544, 4),
(544, 5),
(545, 4),
(545, 5),
(546, 4),
(547, 3),
(547, 4),
(548, 7),
(549, 7),
(550, 11),
(551, 11),
(552, 11),
(553, 1),
(553, 14),
(554, 1),
(554, 14),
(555, 10),
(556, 10),
(557, 6),
(557, 10),
(558, 6),
(558, 10),
(559, 7),
(560, 1),
(560, 7),
(561, 5),
(561, 7),
(562, 5),
(562, 7),
(563, 5),
(563, 7),
(564, 11),
(565, 3),
(566, 3),
(567, 1),
(568, 1),
(569, 3),
(570, 3),
(570, 13),
(571, 4),
(572, 5),
(572, 16),
(573, 5),
(573, 16),
(574, 4),
(575, 4),
(576, 16),
(577, 5),
(577, 9),
(578, 4),
(579, 4),
(580, 8),
(581, 9),
(581, 14),
(582, 9),
(582, 14),
(583, 6),
(583, 8),
(584, 6),
(584, 8),
(585, 10),
(586, 8),
(586, 17),
(587, 4),
(588, 4),
(588, 5),
(589, 9),
(589, 16),
(590, 12),
(590, 13),
(591, 12),
(591, 13),
(592, 12),
(592, 13),
(593, 4),
(594, 15),
(595, 6),
(595, 15),
(596, 13),
(597, 13),
(598, 7),
(598, 14),
(599, 9),
(599, 14),
(600, 14),
(600, 15),
(601, 14),
(601, 15),
(602, 1),
(603, 3),
(604, 3),
(605, 3),
(605, 5),
(606, 1),
(606, 18),
(607, 1),
(607, 18),
(608, 9),
(608, 18),
(609, 6),
(609, 11),
(610, 4),
(611, 10),
(611, 13),
(612, 1),
(613, 11),
(614, 2),
(615, 5),
(615, 17),
(616, 5),
(616, 7),
(617, 1),
(618, 18),
(619, 5),
(619, 13),
(620, 13),
(620, 18),
(621, 4),
(622, 8),
(622, 15),
(623, 6),
(623, 10),
(624, 16),
(625, 16),
(625, 18),
(626, 11),
(626, 16),
(627, 8),
(628, 8),
(629, 8),
(630, 6),
(630, 12),
(631, 3),
(631, 12),
(632, 2),
(632, 6),
(633, 4),
(634, 12),
(634, 16),
(635, 8),
(636, 3),
(637, 3),
(638, 9),
(639, 1),
(640, 4),
(641, 1),
(642, 1),
(643, 1),
(644, 2),
(645, 2),
(645, 15),
(646, 2),
(646, 15),
(647, 3),
(648, 3),
(648, 13),
(649, 3),
(649, 13),
(650, 9),
(651, 9),
(652, 4),
(653, 4),
(654, 7),
(655, 7),
(656, 5),
(656, 7),
(657, 7),
(658, 7),
(658, 14),
(659, 1),
(659, 3),
(660, 1),
(660, 3),
(661, 1),
(661, 3),
(662, 1),
(663, 1),
(663, 9),
(664, 1),
(664, 9),
(665, 4),
(665, 5),
(666, 4),
(666, 5),
(667, 3),
(667, 5),
(668, 3),
(668, 5),
(669, 8),
(669, 17),
(670, 8),
(670, 17),
(671, 8),
(671, 17),
(672, 3),
(672, 7),
(673, 5),
(673, 7),
(674, 1),
(675, 1),
(675, 15),
(676, 4),
(677, 4),
(678, 4),
(679, 7),
(679, 13),
(680, 5),
(680, 7),
(681, 7),
(681, 16),
(682, 4),
(683, 4),
(684, 4),
(685, 15),
(686, 15),
(687, 4),
(687, 17),
(688, 10),
(775, 4),
(776, 4),
(777, 9),
(777, 16),
(778, 6),
(778, 17),
(779, 6),
(779, 10),
(780, 6),
(780, 10),
(781, 6),
(781, 10),
(782, 8),
(782, 15),
(783, 8),
(783, 15),
(784, 11),
(785, 11),
(786, 11),
(787, 11),
(788, 7),
(789, 7),
(790, 1),
(790, 14),
(791, 14),
(792, 14),
(793, 3),
(793, 9),
(794, 3),
(794, 9),
(795, 3),
(796, 3),
(797, 2),
(797, 13),
(798, 2),
(798, 13),
(799, 2),
(800, 8),
(801, 8),
(802, 4),
(803, 13),
(804, 12),
(804, 13),
(805, 12),
(805, 13),
(806, 1),
(807, 1),
(807, 9),
(808, 4),
(808, 5),
(809, 5),
(809, 12),
(810, 4),
(811, 14),
(812, 8),
(812, 10),
(813, 8),
(813, 10),
(814, 3),
(814, 13),
(815, 3),
(815, 13),
(816, 3),
(817, 3),
(817, 9),
(818, 8),
(818, 13),
(819, 8),
(819, 13),
(820, 1),
(820, 10),
(821, 1),
(821, 10),
(822, 7),
(822, 10),
(823, 7),
(823, 10),
(824, 3),
(825, 3),
(826, 4),
(827, 4),
(828, 16),
(829, 16),
(830, 16),
(831, 16),
(832, 1),
(832, 5),
(833, 8),
(834, 9),
(835, 8),
(836, 18),
(837, 18),
(838, 3),
(838, 18),
(839, 3),
(839, 18),
(840, 3),
(840, 18),
(841, 3),
(842, 3),
(843, 3),
(844, 3),
(844, 10),
(845, 3),
(846, 12),
(847, 12),
(848, 5),
(848, 12),
(849, 6),
(849, 8),
(850, 6),
(850, 8),
(851, 6),
(851, 8),
(852, 10),
(853, 18),
(854, 6),
(855, 8),
(855, 12),
(856, 8),
(856, 12),
(857, 3),
(858, 13),
(859, 5),
(859, 12),
(860, 6),
(860, 8),
(861, 8),
(862, 1),
(863, 1),
(864, 1),
(865, 2),
(866, 2),
(867, 2),
(868, 3),
(869, 3),
(870, 3),
(871, 4),
(872, 4),
(873, 4),
(873, 5),
(874, 4),
(874, 5),
(875, 5),
(875, 7),
(876, 5),
(876, 7),
(877, 7),
(877, 14),
(878, 7),
(878, 14),
(879, 5),
(879, 14),
(880, 3),
(880, 11),
(881, 3),
(881, 11),
(882, 11),
(883, 17),
(884, 4),
(884, 17),
(885, 17),
(886, 5),
(886, 17),
(887, 5),
(887, 8),
(888, 5),
(888, 8),
(889, 11),
(890, 11),
(891, 11),
(892, 1),
(893, 3),
(893, 17),
(894, 3),
(894, 17),
(895, 10),
(896, 3),
(897, 1),
(897, 5),
(898, 1),
(898, 5),
(899, 1),
(899, 5),
(900, 4),
(901, 1),
(902, 1),
(903, 5),
(903, 7),
(904, 3),
(904, 13),
(905, 3),
(905, 13),
(906, 8),
(907, 9),
(908, 5),
(908, 9),
(909, 3),
(909, 8),
(910, 16),
(911, 8),
(912, 8),
(913, 4),
(913, 8),
(914, 7),
(915, 6),
(915, 7),
(916, 4),
(917, 5),
(917, 13),
(918, 6),
(918, 13),
(919, 17),
(920, 17),
(921, 3),
(921, 14),
(922, 6),
(922, 7),
(923, 7),
(923, 10),
(924, 7),
(924, 15),
(925, 9),
(925, 18),
(926, 4),
(927, 4),
(928, 2),
(929, 2),
(929, 10),
(930, 13),
(930, 18),
(931, 13),
(931, 18),
(932, 3),
(932, 10),
(933, 3),
(934, 3),
(935, 5),
(935, 18),
(936, 3),
(936, 5),
(937, 5),
(937, 6),
(938, 2),
(938, 9),
(939, 2),
(939, 9),
(940, 3),
(940, 12),
(941, 13),
(942, 13),
(943, 4),
(944, 4),
(945, 4),
(946, 15),
(947, 15),
(948, 8),
(948, 18),
(949, 11),
(950, 2),
(951, 4),
(952, 4),
(953, 11),
(954, 2),
(955, 3),
(956, 10),
(956, 13),
(957, 10),
(957, 13),
(958, 9),
(958, 10),
(959, 5),
(959, 8),
(960, 2),
(960, 5),
(961, 1),
(961, 8),
(962, 1),
(962, 14),
(963, 1),
(963, 14),
(964, 1),
(964, 14),
(965, 2),
(966, 2),
(967, 2),
(967, 5),
(968, 3),
(969, 3),
(970, 3),
(971, 7),
(972, 7),
(973, 5),
(973, 7),
(974, 7),
(974, 14),
(975, 7),
(975, 14),
(976, 7),
(976, 14),
(977, 4),
(977, 5),
(978, 4),
(978, 5),
(979, 4),
(979, 5),
(980, 4),
(981, 4),
(982, 4),
(982, 5),
(983, 4),
(983, 5),
(984, 14),
(985, 14),
(986, 11),
(987, 11),
(988, 13),
(989, 13),
(990, 14),
(991, 14),
(992, 13),
(992, 14),
(993, 14),
(994, 14),
(995, 13),
(995, 14),
(996, 17),
(997, 17),
(998, 2),
(999, 2),
(1000, 4),
(1000, 17),
(1001, 4),
(1001, 17),
(1002, 5),
(1002, 14),
(1003, 5),
(1003, 14),
(1004, 1),
(1004, 14),
(1005, 1),
(1005, 14),
(1006, 1),
(1006, 14),
(1007, 1),
(1007, 7),
(1008, 1),
(1008, 7),
(1009, 7),
(1009, 14),
(1010, 7),
(1010, 14),
(1011, 13),
(1012, 13),
(1013, 4),
(1014, 4),
(1015, 3),
(1016, 3),
(1017, 15),
(1018, 15),
(1019, 2),
(1020, 2),
(1021, 3),
(1022, 3),
(1023, 3),
(1023, 15),
(1024, 8),
(1025, 8),
(1026, 8),
(1027, 15),
(1028, 15),
(1029, 15),
(1030, 1),
(1030, 14),
(1031, 1),
(1031, 14),
(1032, 1),
(1032, 14),
(1033, 3),
(1033, 14),
(1034, 3),
(1034, 14),
(1035, 10),
(1035, 13),
(1036, 10),
(1036, 13),
(1037, 10),
(1037, 13),
(1038, 2),
(1039, 2),
(1040, 3),
(1040, 8),
(1041, 3),
(1041, 8),
(1042, 6),
(1042, 11),
(1043, 6),
(1043, 11),
(1044, 4),
(1044, 5),
(1045, 4),
(1045, 5),
(1046, 4),
(1046, 5),
(1047, 3),
(1048, 3),
(1048, 18),
(1049, 14),
(1050, 14),
(1051, 3),
(1052, 3),
(1052, 18),
(1053, 14),
(1053, 16),
(1054, 14),
(1054, 16),
(1055, 14),
(1055, 16),
(1056, 10),
(1056, 13),
(1057, 8),
(1058, 8),
(1059, 3),
(1060, 3),
(1061, 11),
(1062, 11),
(1063, 1),
(1063, 8),
(1064, 1),
(1064, 8),
(1065, 13),
(1066, 13),
(1067, 15),
(1068, 15),
(1069, 4),
(1070, 14),
(1071, 14),
(1072, 10),
(1072, 13),
(1073, 10),
(1073, 13),
(1074, 4),
(1075, 1),
(1076, 4),
(1077, 3),
(1078, 3),
(1079, 3),
(1080, 3),
(1081, 3),
(1082, 3),
(1082, 8),
(1083, 8),
(1083, 17),
(1084, 5),
(1084, 7),
(1085, 8),
(1085, 18),
(1086, 11),
(1087, 2),
(1088, 7),
(1089, 4),
(1090, 3),
(1091, 3),
(1091, 5),
(1092, 3),
(1092, 18),
(1093, 4),
(1094, 4),
(1095, 3),
(1096, 11),
(1097, 2),
(1098, 4),
(1099, 3),
(1099, 10),
(1100, 3),
(1100, 10),
(1101, 3),
(1101, 10),
(1102, 3),
(1102, 10),
(1103, 5),
(1103, 10),
(1104, 4),
(1105, 5),
(1105, 18),
(1106, 5),
(1106, 11),
(1107, 2),
(1107, 5),
(1108, 12),
(1109, 12),
(1110, 5),
(1110, 12),
(1111, 8),
(1112, 8);

-- --------------------------------------------------------

--
-- Structure de la table `type`
--

CREATE TABLE `type` (
  `id` int(11) NOT NULL,
  `nom` varchar(20) NOT NULL,
  `icone_url` varchar(255) DEFAULT NULL
) ENGINE=InnoDB DEFAULT CHARSET=utf8mb4 COLLATE=utf8mb4_general_ci;

--
-- Déchargement des données de la table `type`
--

INSERT INTO `type` (`id`, `nom`, `icone_url`) VALUES
(1, 'Plante', 'https://www.pokepedia.fr/images/thumb/d/d9/Miniature_Type_Plante_EV.png/80px-Miniature_Type_Plante_EV.png'),
(2, 'Feu', 'https://www.pokepedia.fr/images/thumb/c/c7/Miniature_Type_Feu_EV.png/80px-Miniature_Type_Feu_EV.png'),
(3, 'Eau', 'https://www.pokepedia.fr/images/thumb/3/3d/Miniature_Type_Eau_EV.png/80px-Miniature_Type_Eau_EV.png'),
(4, 'Normal', 'https://www.pokepedia.fr/images/thumb/b/bf/Miniature_Type_Normal_EV.png/80px-Miniature_Type_Normal_EV.png'),
(5, 'Vol', 'https://www.pokepedia.fr/images/thumb/9/99/Miniature_Type_Vol_EV.png/80px-Miniature_Type_Vol_EV.png'),
(6, 'Acier', 'https://www.pokepedia.fr/images/thumb/2/27/Miniature_Type_Acier_EV.png/80px-Miniature_Type_Acier_EV.png'),
(7, 'Insecte', 'https://www.pokepedia.fr/images/thumb/a/a9/Miniature_Type_Insecte_EV.png/80px-Miniature_Type_Insecte_EV.png'),
(8, 'Psy', 'https://www.pokepedia.fr/images/thumb/8/81/Miniature_Type_Psy_EV.png/80px-Miniature_Type_Psy_EV.png'),
(9, 'Ténèbres', 'https://www.pokepedia.fr/images/thumb/b/bc/Miniature_Type_T%C3%A9n%C3%A8bres_EV.png/80px-Miniature_Type_T%C3%A9n%C3%A8bres_EV.png'),
(10, 'Roche', 'https://www.pokepedia.fr/images/thumb/f/fe/Miniature_Type_Roche_EV.png/80px-Miniature_Type_Roche_EV.png'),
(11, 'Électrik', 'https://www.pokepedia.fr/images/thumb/6/6d/Miniature_Type_%C3%89lectrik_EV.png/80px-Miniature_Type_%C3%89lectrik_EV.png'),
(12, 'Dragon', 'https://www.pokepedia.fr/images/thumb/3/3d/Miniature_Type_Dragon_EV.png/80px-Miniature_Type_Dragon_EV.png'),
(13, 'Sol', 'https://www.pokepedia.fr/images/thumb/4/40/Miniature_Type_Sol_EV.png/80px-Miniature_Type_Sol_EV.png'),
(14, 'Poison', 'https://www.pokepedia.fr/images/thumb/1/1c/Miniature_Type_Poison_EV.png/80px-Miniature_Type_Poison_EV.png'),
(15, 'Combat', 'https://www.pokepedia.fr/images/thumb/9/96/Miniature_Type_Combat_EV.png/80px-Miniature_Type_Combat_EV.png'),
(16, 'Spectre', 'https://www.pokepedia.fr/images/thumb/4/43/Miniature_Type_Spectre_EV.png/80px-Miniature_Type_Spectre_EV.png'),
(17, 'Fée', 'https://www.pokepedia.fr/images/thumb/5/58/Miniature_Type_F%C3%A9e_EV.png/80px-Miniature_Type_F%C3%A9e_EV.png'),
(18, 'Glace', 'https://www.pokepedia.fr/images/thumb/e/e7/Miniature_Type_Glace_EV.png/80px-Miniature_Type_Glace_EV.png');

--
-- Index pour les tables déchargées
--

--
-- Index pour la table `evolution`
--
ALTER TABLE `evolution`
  ADD PRIMARY KEY (`id`),
  ADD KEY `pokemon_debut_id` (`pokemon_debut_id`),
  ADD KEY `pokemon_fin_id` (`pokemon_fin_id`);

--
-- Index pour la table `pokemon`
--
ALTER TABLE `pokemon`
  ADD PRIMARY KEY (`id`),
  ADD UNIQUE KEY `numero_national` (`numero_national`);

--
-- Index pour la table `pokemon_type`
--
ALTER TABLE `pokemon_type`
  ADD PRIMARY KEY (`pokemon_id`,`type_id`),
  ADD KEY `type_id` (`type_id`);

--
-- Index pour la table `type`
--
ALTER TABLE `type`
  ADD PRIMARY KEY (`id`),
  ADD UNIQUE KEY `nom` (`nom`);

--
-- AUTO_INCREMENT pour les tables déchargées
--

--
-- AUTO_INCREMENT pour la table `evolution`
--
ALTER TABLE `evolution`
  MODIFY `id` int(11) NOT NULL AUTO_INCREMENT, AUTO_INCREMENT=537;

--
-- AUTO_INCREMENT pour la table `pokemon`
--
ALTER TABLE `pokemon`
  MODIFY `id` int(11) NOT NULL AUTO_INCREMENT, AUTO_INCREMENT=1113;

--
-- AUTO_INCREMENT pour la table `type`
--
ALTER TABLE `type`
  MODIFY `id` int(11) NOT NULL AUTO_INCREMENT, AUTO_INCREMENT=19;

--
-- Contraintes pour les tables déchargées
--

--
-- Contraintes pour la table `evolution`
--
ALTER TABLE `evolution`
  ADD CONSTRAINT `FK_420C2893663A31C3` FOREIGN KEY (`pokemon_debut_id`) REFERENCES `pokemon` (`id`),
  ADD CONSTRAINT `FK_420C2893D55DB89E` FOREIGN KEY (`pokemon_fin_id`) REFERENCES `pokemon` (`id`);

--
-- Contraintes pour la table `pokemon_type`
--
ALTER TABLE `pokemon_type`
  ADD CONSTRAINT `FK_B077296A2FE71C3E` FOREIGN KEY (`pokemon_id`) REFERENCES `pokemon` (`id`),
  ADD CONSTRAINT `FK_B077296AC54C8C93` FOREIGN KEY (`type_id`) REFERENCES `type` (`id`);
COMMIT;

/*!40101 SET CHARACTER_SET_CLIENT=@OLD_CHARACTER_SET_CLIENT */;
/*!40101 SET CHARACTER_SET_RESULTS=@OLD_CHARACTER_SET_RESULTS */;
/*!40101 SET COLLATION_CONNECTION=@OLD_COLLATION_CONNECTION */;
